Workbook

Sheet Vollzelle - 10µm(Cr2032) - For
B2: Prälithiierte Vollzellen (10µm) die den Vollfaktoriellen Versuchsplan des Prälithiierungsgrades in Abhängigkeit der Prälithiierungsdauer untersuchen
B5: Prälithiiert - 10µm - 1h Stunde
B6: Atmosphäre während der Prälithiierung: | C6: O2: <2 ppm | D6: H2O: <2 ppm
C8: Atmosphäre während der Assemblierung: | G8: O2: <1,0 ppm | H8: O2: <1,0 ppm
B10: df_MH_MA_VZ_3,8_10µm_1h_5 | D10: 1. Anode: | E10: 0.0249 | F10: g | G10: 1. Kathode: | H10: 0.0376 | I10: g | J10: berechnete/theoretische Zellkapazität: | K10: =(H10*1000-'Material - Abmessungen'!E25)*'Material - Abmessungen'!E20*0.96 -> 5.5705471 | L10: mAh | M10: Kapazität nach der Formierung: | N10: 5.1619 | O10: mAh | P10: N:P-Verhältnis: | Q10: =(((E10*1000)-'Material - Abmessungen'!E17-('Material - Abmessungen'!E49*1000))*'Material - Abmessungen'!E10*0.697)/K10 -> 3.2831646 | R10: Lithiierung der Anode: | S10: =Q10^(-1) -> 0.30458418
B11: df_MH_MA_VZ_3,8_10µm_1h_6 | D11: 2. Anode: | E11: 0.0249 | F11: g | G11: 2. Kathode: | H11: 0.0368 | I11: g | J11: berechnete/theoretische Zellkapazität: | K11: =(H11*1000-'Material - Abmessungen'!E25)*'Material - Abmessungen'!E20*0.96 -> 5.4284671 | L11: mAh | M11: Kapazität nach der Formierung: | N11: 4.9853 | O11: mAh | P11: N:P-Verhältnis: | Q11: =((E11*1000-'Material - Abmessungen'!E17-('Material - Abmessungen'!E49*1000))*'Material - Abmessungen'!E10*0.697)/K11 -> 3.3690953 | R11: Lithiierung der Anode: | S11: =Q11^(-1) -> 0.29681559
B12: df_MH_MA_VZ_3,8_10µm_1h_9 | D12: 3. Anode: | E12: 0.0252 | F12: g | G12: 3. Kathode: | H12: 0.0374 | I12: g | J12: berechnete/theoretische Zellkapazität: | K12: =(H12*1000-'Material - Abmessungen'!E25)*'Material - Abmessungen'!E20*0.96 -> 5.5350271 | L12: mAh | M12: Kapazität nach der Formierung: | N12: 5.1486 | O12: mAh | P12: N:P-Verhältnis: | Q12: =((E12*1000-'Material - Abmessungen'!E17-('Material - Abmessungen'!E49*1000))*'Material - Abmessungen'!E10*0.697)/K12 -> 3.4394397 | R12: Lithiierung der Anode: | S12: =Q12^(-1) -> 0.29074503
B13: df_MH_MA_VZ_3,8_10µm_1h_10 | D13: 4.Anode: | E13: 0.0252 | F13: g | G13: 4. Kathode: | H13: 0.0374 | I13: g | J13: berechnete/theoretische Zellkapazität: | K13: =(H13*1000-'Material - Abmessungen'!E25)*'Material - Abmessungen'!E20*0.96 -> 5.5350271 | L13: mAh | M13: Kapazität nach der Formierung: | N13: 5.1427 | O13: mAh | P13: N:P-Verhältnis: | Q13: =((E13*1000-'Material - Abmessungen'!E17-('Material - Abmessungen'!E49*1000))*'Material - Abmessungen'!E10*0.697)/K13 -> 3.4394397 | R13: Lithiierung der Anode: | S13: =Q13^(-1) -> 0.29074503
B14: df_MH_MA_VZ_3,8_10µm_1h_11 | D14: 5.Anode: | E14: 0.0252 | F14: g | G14: 5.Kathode: | H14: 0.037 | I14: g | J14: berechnete/theoretische Zellkapazität: | K14: =(H14*1000-'Material - Abmessungen'!E25)*'Material - Abmessungen'!E20*0.96 -> 5.4639871 | L14: mAh | M14: Kapazität nach der Formierung: | N14: 5.0938 | O14: mAh | P14: N:P-Verhältnis: | Q14: =((E14*1000-'Material - Abmessungen'!E17-('Material - Abmessungen'!E49*1000))*'Material - Abmessungen'!E10*0.697)/K14 -> 3.4841576 | R14: Lithiierung der Anode: | S14: =Q14^(-1) -> 0.28701343
B15: df_MH_MA_VZ_3,8_10µm_1h_12 | D15: 6.Anode: | E15: 0.0251 | F15: g | G15: 6.Kathode: | H15: 0.0371 | I15: g | J15: berechnete/theoretische Zellkapazität: | K15: =(H15*1000-'Material - Abmessungen'!E25)*'Material - Abmessungen'!E20*0.96 -> 5.4817471 | L15: mAh | M15: Kapazität nach der Formierung: | N15: 5.0602 | O15: mAh | P15: N:P-Verhältnis: | Q15: =((E15*1000-'Material - Abmessungen'!E17-('Material - Abmessungen'!E49*1000))*'Material - Abmessungen'!E10*0.697)/K15 -> 3.4273627 | R15: Lithiierung der Anode: | S15: =Q15^(-1) -> 0.29176953
D17: Coulombsche Wirkungsgrade:
F18: 1. Zelle | G18: 2. Zelle | H18: 3. Zelle | I18: 4. Zelle | J18: 5. Zelle | K18: 6.Zelle
D19: 1. Laden (CC): | F19: 6.3771 | G19: 6.213 | H19: 6.2987 | I19: 6.3074 | J19: 6.2633 | K19: 6.2479
D20: 2. Laden (CV): | F20: 0.1167 | G20: 0.1281 | H20: 0.1199 | I20: 0.1131 | J20: 0.1133 | K20: 0.1262
D21: 1. Entladen (CC): | F21: 5.1819 | G21: 5.012 | H21: 5.1622 | I21: 5.1591 | J21: 5.1127 | K21: 5.0875 | O21: Standardabweichung
D22: Coulombscher Wirkungsgrad: | F22: =F21/(F19+F20) -> 0.79797653 | G22: =G21/(G19+G20) -> 0.79039914 | H22: =H21/(H19+H20) -> 0.80425638 | I22: =I21/(I19+I20) -> 0.80353555 | J22: =J21/(J19+J20) -> 0.80179092 | K22: =K21/(K19+K20) -> 0.7981519 | L22: Durchschnittlicher ICE: | M22: =(F22+G22+H22+I22+J22+K22)/6 -> 0.79935174 | O22: =_xlfn.STDEV.S(F22,G22,H22,I22,J22,K22) -> 0.0051183827
D24: 3. Laden (CC): | F24: 5.1263 | G24: 4.9461 | H24: 5.1029 | I24: 5.1018 | J24: 5.0541 | K24: 5.0168
D25: 4. Laden (CV): | F25: 0.0981 | G25: 0.1083 | H25: 0.1014 | I25: 0.0974 | J25: 0.0988 | K25: 0.1112
D26: 2. Entladen (CC): | F26: 5.1619 | G26: 4.9853 | H26: 5.1486 | I26: 5.1427 | J26: 5.0938 | K26: 5.0603 | O26: Standardabweichung
D27: Coulombscher Wirkungsgrad: | F27: =F26/(F24+F25) -> 0.9880369 | G27: =G26/(G24+G25) -> 0.98632874 | H27: =H26/(H24+H25) -> 0.98929731 | I27: =I26/(I24+I25) -> 0.98913294 | J27: =J26/(J24+J25) -> 0.98853073 | K27: =K26/(K24+K25) -> 0.98679797 | L27: Durchschnittlicher ICE: | M27: =(F27+G27+H27+I27+J27+K27)/6 -> 0.98802077 | O27: =_xlfn.STDEV.S(F27,G27,H27,I27,J27,K27) -> 0.0012235194
B30: Prälithiiert - 10µm - 24h Stunden
B31: Atmosphäre während der Prälithiierung: | C31: O2: <2 ppm | D31: H2O: <2 ppm
C33: Atmosphäre während der Assemblierung: | G33: O2: <1,0 ppm | H33: O2: <1,0 ppm
B35: df_MH_MA_VZ_3,8_10µm_24h_1 | D35: 1. Anode: | E35: 0.0252 | F35: g | G35: 1. Kathode: | H35: 0.0358 | I35: g | J35: berechnete/theoretische Zellkapazität: | K35: =(H35*1000-'Material - Abmessungen'!E25)*'Material - Abmessungen'!E20*0.96 -> 5.2508671 | L35: mAh | M35: Kapazität nach der Formierung: | N35: 4.8296 | O35: mAh | P35: N:P-Verhältnis: | Q35: =((E35*1000-'Material - Abmessungen'!E17-('Material - Abmessungen'!E49*1000))*'Material - Abmessungen'!E10*0.697)/K35 -> 3.6255711 | R35: Lithiierung der Anode: | S35: =Q35^(-1) -> 0.27581862 | T35: Diese Zelle zeigt eine unterdurchschnittliche Performance im Lebensdauertest und wird aus diesem Grund nicht für diese Auswertung herangezogen.
B36: df_MH_MA_VZ_3,8_10µm_24h_2 | D36: 2. Anode: | E36: 0.025 | F36: g | G36: 2. Kathode: | H36: 0.0364 | I36: g | J36: berechnete/theoretische Zellkapazität: | K36: =(H36*1000-'Material - Abmessungen'!E25)*'Material - Abmessungen'!E20*0.96 -> 5.3574271 | L36: mAh | M36: Kapazität nach der Formierung: | N36: 5.068 | O36: mAh | P36: N:P-Verhältnis: | Q36: =((E36*1000-'Material - Abmessungen'!E17-('Material - Abmessungen'!E49*1000))*'Material - Abmessungen'!E10*0.697)/K36 -> 3.4603326 | R36: Lithiierung der Anode: | S36: =Q36^(-1) -> 0.28898956
B37: df_MH_MA_VZ_3,8_10µm_24h_3 | D37: 3. Anode: | E37: 0.0249 | F37: g | G37: 3. Kathode: | H37: 0.0364 | I37: g | J37: berechnete/theoretische Zellkapazität: | K37: =(H37*1000-'Material - Abmessungen'!E25)*'Material - Abmessungen'!E20*0.96 -> 5.3574271 | L37: mAh | M37: Kapazität nach der Formierung: | N37: 5.0819 | O37: mAh | P37: N:P-Verhältnis: | Q37: =((E37*1000-'Material - Abmessungen'!E17-('Material - Abmessungen'!E49*1000))*'Material - Abmessungen'!E10*0.697)/K37 -> 3.4137699 | R37: Lithiierung der Anode: | S37: =Q37^(-1) -> 0.29293129
B38: df_MH_MA_VZ_3,8_10µm_24h_4 | D38: 4.Anode: | E38: 0.0249 | F38: g | G38: 4. Kathode: | H38: 0.0364 | I38: g | J38: berechnete/theoretische Zellkapazität: | K38: =(H38*1000-'Material - Abmessungen'!E25)*'Material - Abmessungen'!E20*0.96 -> 5.3574271 | L38: mAh | M38: Kapazität nach der Formierung: | N38: 5.1615 | O38: mAh | P38: N:P-Verhältnis: | Q38: =((E38*1000-'Material - Abmessungen'!E17-('Material - Abmessungen'!E49*1000))*'Material - Abmessungen'!E10*0.697)/K38 -> 3.4137699 | R38: Lithiierung der Anode: | S38: =Q38^(-1) -> 0.29293129
D40: Coulombsche Wirkungsgrade:
F41: 1. Zelle | G41: 2. Zelle | H41: 3. Zelle | I41: 4. Zelle
D42: 1. Laden (CC): | F42: 5.9607 | G42: 6.1772 | H42: 6.1545 | I42: 6.2064
D43: 2. Laden (CV): | F43: 0.1624 | G43: 0.1228 | H43: 0.1199 | I43: 0.1025
D44: 1. Entladen (CC): | F44: 4.8912 | G44: 5.1006 | H44: 5.1082 | I44: 5.169 | M44: Standardabweichung
D45: Coulombscher Wirkungsgrad: | F45: =F44/(F42+F43) -> 0.79881106 | G45: =G44/(G42+G43) -> 0.80961905 | H45: =H44/(H42+H43) -> 0.81413362 | I45: =I44/(I42+I43) -> 0.81931874 | J45: Durchschnittlicher ICE: | K45: =(G45+H45+I45)/3 -> 0.81435714 | M45: =_xlfn.STDEV.S(G45,H45,I45) -> 0.0048537077
D47: 3. Laden (CC): | F47: 4.7559 | G47: 5.0205 | H47: 5.0347 | I47: 5.1189
D48: 4. Laden (CV): | F48: 0.1662 | G48: 0.1141 | H48: 0.1106 | I48: 0.0908
D49: 2. Entladen (CC): | F49: 4.8296 | G49: 5.068 | H49: 5.0819 | I49: 5.1615 | M49: Standardabweichung
D50: Coulombscher Wirkungsgrad: | F50: =F49/(F47+F48) -> 0.98120721 | G50: =G49/(G47+G48) -> 0.98702917 | H50: =H49/(H47+H48) -> 0.98767808 | I50: =I49/(I47+I48) -> 0.99074803 | J50: Durchschnittlicher ICE: | K50: =(G50+H50+I50)/3 -> 0.98848509 | M50: =_xlfn.STDEV.S(G50,H50,I50) -> 0.0019864352
B53: Prälithiiert - 10µm - 48h Stunden
B54: Atmosphäre während der Prälithiierung: | C54: O2: <2 ppm | D54: H2O: <2 ppm
C56: Atmosphäre während der Assemblierung: | G56: O2: <1,0 ppm | H56: O2: <1,0 ppm
B58: df_MH_MA_VZ_3,8_10µm_48h_1 | D58: 1. Anode: | E58: 0.0251 | F58: g | G58: 1. Kathode: | H58: 0.0367 | I58: g | J58: berechnete/theoretische Zellkapazität: | K58: =(H58*1000-'Material - Abmessungen'!E25)*'Material - Abmessungen'!E20*0.96 -> 5.4107071 | L58: mAh | M58: Kapazität nach der Formierung: | N58: 5.2711 | O58: mAh | P58: N:P-Verhältnis: | Q58: =((E58*1000-'Material - Abmessungen'!E17-('Material - Abmessungen'!E49*1000))*'Material - Abmessungen'!E10*0.697)/K58 -> 3.4723624 | R58: Lithiierung der Anode: | S58: =Q58^(-1) -> 0.28798838
B59: df_MH_MA_VZ_3,8_10µm_48h_2 | D59: 2. Anode: | E59: 0.0248 | F59: g | G59: 2. Kathode: | H59: 0.0375 | I59: g | J59: berechnete/theoretische Zellkapazität: | K59: =(H59*1000-'Material - Abmessungen'!E25)*'Material - Abmessungen'!E20*0.96 -> 5.5527871 | L59: mAh | M59: Kapazität nach der Formierung: | N59: 5.352 | O59: mAh | P59: N:P-Verhältnis: | Q59: =((E59*1000-'Material - Abmessungen'!E17-('Material - Abmessungen'!E49*1000))*'Material - Abmessungen'!E10*0.697)/K59 -> 3.2487409 | R59: Lithiierung der Anode: | S59: =Q59^(-1) -> 0.30781155
B60: df_MH_MA_VZ_3,8_10µm_48h_3 | D60: 3. Anode: | E60: 0.0251 | F60: g | G60: 3. Kathode: | H60: 0.0376 | I60: g | J60: berechnete/theoretische Zellkapazität: | K60: =(H60*1000-'Material - Abmessungen'!E25)*'Material - Abmessungen'!E20*0.96 -> 5.5705471 | L60: mAh | M60: Kapazität nach der Formierung: | N60: 5.3523 | O60: mAh | P60: N:P-Verhältnis: | Q60: =((E60*1000-'Material - Abmessungen'!E17-('Material - Abmessungen'!E49*1000))*'Material - Abmessungen'!E10*0.697)/K60 -> 3.3727272 | R60: Lithiierung der Anode: | S60: =Q60^(-1) -> 0.29649596
B61: df_MH_MA_VZ_3,8_10µm_48h_4 | D61: 4.Anode: | E61: 0.0249 | F61: g | G61: 4. Kathode: | H61: 0.0368 | I61: g | J61: berechnete/theoretische Zellkapazität: | K61: =(H61*1000-'Material - Abmessungen'!E25)*'Material - Abmessungen'!E20*0.96 -> 5.4284671 | L61: mAh | M61: Kapazität nach der Formierung: | N61: 5.0219 | O61: mAh | P61: N:P-Verhältnis: | Q61: =((E61*1000-'Material - Abmessungen'!E17-('Material - Abmessungen'!E49*1000))*'Material - Abmessungen'!E10*0.697)/K61 -> 3.3690953 | R61: Lithiierung der Anode: | S61: =Q61^(-1) -> 0.29681559
D63: Coulombsche Wirkungsgrade:
F64: 1. Zelle | G64: 2. Zelle | H64: 3. Zelle | I64: 4. Zelle
D65: 1. Laden (CC): | F65: 6.3271 | G65: 6.4399 | H65: 6.4214 | I65: 6.0894
D66: 2. Laden (CV): | F66: 0.0987 | G66: 0.0999 | H66: 0.101 | I66: 0.1121
D67: 1. Entladen (CC): | F67: 5.277 | G67: 5.3582 | H67: 5.3553 | I67: 5.0189 | M67: Standardabweichung
D68: Coulombscher Wirkungsgrad: | F68: =F67/(F65+F66) -> 0.8212207 | G68: =G67/(G65+G66) -> 0.81932169 | H68: =H67/(H65+H66) -> 0.8210628 | I68: =I67/(I65+I66) -> 0.8093042 | J68: Durchschnittlicher ICE: | K68: =(F68+G68+H68+I68)/4 -> 0.81772735 | M68: =_xlfn.STDEV.S(F68,G68,H68,I68) -> 0.0056809657
D70: 3. Laden (CC): | F70: 5.23343 | G70: 5.316 | H70: 5.3128 | I70: 4.9716
D71: 4. Laden (CV): | F71: 0.0845 | G71: 0.0846 | H71: 0.0845 | I71: 0.0919
D72: 2. Entladen (CC): | F72: 5.2711 | G72: 5.352 | H72: 5.3523 | I72: 5.0219 | M72: Standardabweichung
D73: Coulombscher Wirkungsgrad: | F73: =F72/(F70+F71) -> 0.99119394 | G73: =G72/(G70+G71) -> 0.991001 | H73: =H72/(H70+H71) -> 0.9916625 | I73: =I72/(I70+I71) -> 0.99178434 | J73: Durchschnittlicher ICE: | K73: =(F73+G73+H73+I73)/4 -> 0.99141044 | M73: =_xlfn.STDEV.S(F73,G73,H73,I73) -> 0.00037320511
B76: Prälithiiert - 10µm - 168h Stunden
B77: Atmosphäre während der Prälithiierung: | C77: O2: <2 ppm | D77: H2O: <2 ppm
C79: Atmosphäre während der Assemblierung: | G79: O2: <1,0 ppm | H79: O2: <1,0 ppm
B81: df_MH_MA_VZ_3,8_10µm_168h_1 | D81: 1. Anode: | E81: 0.0253 | F81: g | G81: 1. Kathode: | H81: 0.0362 | I81: g | J81: berechnete/theoretische Zellkapazität: | K81: =(H81*1000-'Material - Abmessungen'!E25)*'Material - Abmessungen'!E20*0.96 -> 5.3219071 | L81: mAh | M81: Kapazität nach der Formierung: | N81: 5.0625 | O81: mAh | P81: N:P-Verhältnis: | Q81: =((E61*1000-'Material - Abmessungen'!E17-('Material - Abmessungen'!E49*1000))*'Material - Abmessungen'!E10*0.697)/K81 -> 3.4365544 | R81: Lithiierung der Anode: | S81: =Q81^(-1) -> 0.29098914
B82: df_MH_MA_VZ_3,8_10µm_168h_2 | D82: 2. Anode: | E82: 0.0251 | F82: g | G82: 2. Kathode: | H82: 0.0357 | I82: g | J82: berechnete/theoretische Zellkapazität: | K82: =(H82*1000-'Material - Abmessungen'!E25)*'Material - Abmessungen'!E20*0.96 -> 5.2331071 | L82: mAh | M82: Kapazität nach der Formierung: | N82: 4.9026 | O82: mAh | P82: N:P-Verhältnis: | Q82: =((E61*1000-'Material - Abmessungen'!E17-('Material - Abmessungen'!E49*1000))*'Material - Abmessungen'!E10*0.697)/K82 -> 3.4948689 | R82: Lithiierung der Anode: | S82: =Q82^(-1) -> 0.28613377
B83: df_MH_MA_VZ_3,8_10µm_168h_3 | D83: 3. Anode: | E83: 0.0249 | F83: g | G83: 3. Kathode: | H83: 0.036 | I83: g | J83: berechnete/theoretische Zellkapazität: | K83: =(H83*1000-'Material - Abmessungen'!E25)*'Material - Abmessungen'!E20*0.96 -> 5.2863871 | L83: mAh | M83: Kapazität nach der Formierung: | N83: 4.9254 | O83: mAh | P83: N:P-Verhältnis: | Q83: =((E61*1000-'Material - Abmessungen'!E17-('Material - Abmessungen'!E49*1000))*'Material - Abmessungen'!E10*0.697)/K83 -> 3.4596451 | R83: Lithiierung der Anode: | S83: =Q83^(-1) -> 0.28904699
B84: df_MH_MA_VZ_3,8_10µm_168h_4 | D84: 4.Anode: | E84: 0.0247 | F84: g | G84: 4. Kathode: | H84: 0.0359 | I84: g | J84: berechnete/theoretische Zellkapazität: | K84: =(H84*1000-'Material - Abmessungen'!E25)*'Material - Abmessungen'!E20*0.96 -> 5.2686271 | L84: mAh | M84: Kapazität nach der Formierung: | N84: 5.0249 | O84: mAh | P84: N:P-Verhältnis: | Q84: =((E61*1000-'Material - Abmessungen'!E17-('Material - Abmessungen'!E49*1000))*'Material - Abmessungen'!E10*0.697)/K84 -> 3.4713072 | R84: Lithiierung der Anode: | S84: =Q84^(-1) -> 0.28807592
B85: df_MH_MA_VZ_3,8_10µm_168h_5 | D85: 5.Anode: | E85: 0.0252 | F85: g | G85: 5.Kathode: | H85: 0.036 | I85: g | J85: berechnete/theoretische Zellkapazität: | K85: =(H85*1000-'Material - Abmessungen'!E25)*'Material - Abmessungen'!E20*0.96 -> 5.2863871 | L85: mAh | M85: Kapazität nach der Formierung: | N85: 5.0323 | O85: mAh | P85: N:P-Verhältnis: | Q85: =((E61*1000-'Material - Abmessungen'!E17-('Material - Abmessungen'!E49*1000))*'Material - Abmessungen'!E10*0.697)/K85 -> 3.4596451 | R85: Lithiierung der Anode: | S85: =Q85^(-1) -> 0.28904699
B86: df_MH_MA_VZ_3,8_10µm_168h_6 | D86: 6.Anode: | E86: 0.025 | F86: g | G86: 6.Kathode: | H86: 0.036 | I86: g | J86: berechnete/theoretische Zellkapazität: | K86: =(H86*1000-'Material - Abmessungen'!E25)*'Material - Abmessungen'!E20*0.96 -> 5.2863871 | L86: mAh | M86: Kapazität nach der Formierung: | N86: 5.0858 | O86: mAh | P86: N:P-Verhältnis: | Q86: =((E61*1000-'Material - Abmessungen'!E17-('Material - Abmessungen'!E49*1000))*'Material - Abmessungen'!E10*0.697)/K86 -> 3.4596451 | R86: Lithiierung der Anode: | S86: =Q86^(-1) -> 0.28904699
D88: Coulombsche Wirkungsgrade:
F89: 1. Zelle | G89: 2. Zelle | H89: 3. Zelle | I89: 4. Zelle | J89: 5. Zelle | K89: 6.Zelle
D90: 1. Laden (CC): | F90: 6.10376 | G90: 5.98465 | H90: 5.93888 | I90: 6.06512 | J90: 6.07082 | K90: 6.10147
D91: 2. Laden (CV): | F91: 0.10124 | G91: 0.10975 | H91: 0.10315 | I91: 0.10258 | J91: 0.10026 | K91: 0.10029
D92: 1. Entladen (CC): | F92: 5.05329 | G92: 4.90926 | H92: 4.91403 | I92: 5.01794 | J92: 5.02475 | K92: 5.07447 | O92: Standardabweichung
D93: Coulombscher Wirkungsgrad: | F93: =F92/(F90+F91) -> 0.81439001 | G93: =G92/(G90+G91) -> 0.80553623 | H93: =H92/(H90+H91) -> 0.81330778 | I93: =I92/(I90+I91) -> 0.81358367 | J93: =J92/(J90+J91) -> 0.81424159 | K93: =K92/(K90+K91) -> 0.81823063 | L93: Durchschnittlicher ICE: | M93: =(F93+G93+H93+I93+J93+K93)/6 -> 0.81321498 | O93: =_xlfn.STDEV.S(F93,G93,H93,I93,J93,K93) -> 0.0041641116
D95: 3. Laden (CC): | F95: 5.01209 | G95: 4.85471 | H95: 4.8686 | I95: 4.97686 | J95: 4.98168 | K95: 5.03275
D96: 4. Laden (CV): | F96: 0.08207 | G96: 0.09414 | H96: 0.08509 | I96: 0.08395 | J96: 0.08283 | K96: 0.08198
D97: 2. Entladen (CC): | F97: 5.0625 | G97: 4.90257 | H97: 4.92544 | I97: 5.02488 | J97: 5.03233 | K97: 5.08579 | O97: Standardabweichung
D98: Coulombscher Wirkungsgrad: | F98: =F97/(F95+F96) -> 0.99378504 | G98: =G97/(G95+G96) -> 0.99064833 | H98: =H97/(H95+H96) -> 0.99429718 | I98: =I97/(I95+I96) -> 0.99290035 | J98: =J97/(J95+J96) -> 0.99364598 | K98: =K97/(K95+K96) -> 0.99434183 | L98: Durchschnittlicher ICE: | M98: =(F98+G98+H98+I98+J98+K98)/6 -> 0.99326979 | O98: =_xlfn.STDEV.S(F98,G98,H98,I98,J98,K98) -> 0.0013871075

Sheet Vollzelle - Pouchzelle (10µm)
B2: Pouchzellen zur Untersuchung der Auswirkungen unterschiedlicher Prälithiierungsdrücke
B5: Unprälithiiert - 0,2MPa - 48h
B6: Atmosphäre während der Prälithiierung: | C6: O2: <2 ppm | D6: H2O: <2 ppm
C8: Atmosphäre während der Assemblierung: | G8: O2: <1,0 ppm | H8: O2: <1,0 ppm
B10: df_MH_VZ_PZ_3,8_Ref_48h_1 | D10: 1. Anode: | E10: 0.1637 | F10: g | G10: 1. Kathode: | H10: 0.1999 | I10: g | J10: berechnete/theoretische Zellkapazität: | K10: =(H10*1000-'Material - Abmessungen'!E33)*'Material - Abmessungen'!E28*0.96 -> 30.397538 | L10: mAh | M10: Kapazität nach der Formierung: | N10: 28.542 | O10: mAh | P10: N:P-Verhältnis: | Q10: =((E10*1000-'Material - Abmessungen'!E44-('Material - Abmessungen'!E49*1000))*'Material - Abmessungen'!E38*0.697)/K10 -> 3.974908 | R10: Lithiierung der Anode: | S10: =Q10^(-1) -> 0.25157815
B11: df_MH_VZ_PZ_3,8_Ref_48h_2 | D11: 2. Anode: | E11: 0.1602 | F11: g | G11: 2. Kathode: | H11: 0.1994 | I11: g | J11: berechnete/theoretische Zellkapazität: | K11: =(H11*1000-'Material - Abmessungen'!E33)*'Material - Abmessungen'!E28*0.96 -> 30.306338 | L11: mAh | M11: Kapazität nach der Formierung: | N11: 28.379 | O11: mAh | P11: N:P-Verhältnis: | Q11: =((E11*1000-'Material - Abmessungen'!E44-('Material - Abmessungen'!E49*1000))*'Material - Abmessungen'!E38*0.697)/K11 -> 3.698779 | R11: Lithiierung der Anode: | S11: =Q11^(-1) -> 0.27035949
B12: df_MH_VZ_PZ_3,8_Ref_48h_3 | D12: 3. Anode: | E12: 0.1608 | F12: g | G12: 3. Kathode: | H12: 0.1999 | I12: g | J12: berechnete/theoretische Zellkapazität: | K12: =(H12*1000-'Material - Abmessungen'!E33)*'Material - Abmessungen'!E28*0.96 -> 30.397538 | L12: mAh | M12: Kapazität nach der Formierung: | N12: 28.529 | O12: mAh | P12: N:P-Verhältnis: | Q12: =((E12*1000-'Material - Abmessungen'!E44-('Material - Abmessungen'!E49*1000))*'Material - Abmessungen'!E38*0.697)/K12 -> 3.7369206 | R12: Lithiierung der Anode: | S12: =Q12^(-1) -> 0.26760001
D14: Coulombsche Wirkungsgrade:
F15: 1. Zelle | G15: 2. Zelle | H15: 3. Zelle
D16: 1. Laden (CC): | F16: 36.444 | G16: 36.07 | H16: 36.276
D17: 2. Laden (CV): | F17: 0.5331 | G17: 0.778 | H17: 0.562
D18: 1. Entladen (CC): | F18: 28.872 | G18: 28.684 | H18: 28.8 | O18: Standardabweichung
D19: Coulombscher Wirkungsgrad: | F19: =F18/(F16+F17) -> 0.78080758 | G19: =G18/(G16+G17) -> 0.77844116 | H19: =H18/(H16+H17) -> 0.7818014 | L19: Durchschnittlicher ICE: | M19: =(F19+G19+H19)/3 -> 0.78035005 | O19: =_xlfn.STDEV.S(F19,G19,H19) -> 0.0017262098
D21: 3. Laden (CC): | F21: 28.686 | G21: 28.438 | H21: 28.664
D22: 4. Laden (CV): | F22: 0.426 | G22: 0.5142 | H22: 0.427
D23: 2. Entladen (CC): | F23: 28.542 | G23: 28.379 | H23: 28.529 | O23: Standardabweichung
D24: Coulombscher Wirkungsgrad: | F24: =F23/(F21+F22) -> 0.98042045 | G24: =G23/(G21+G22) -> 0.98020185 | H24: =H23/(H21+H22) -> 0.98068131 | L24: Durchschnittlicher ICE: | M24: =(F24+G24+H24)/3 -> 0.98043454 | O24: =_xlfn.STDEV.S(F24,G24,H24) -> 0.00024004056
B27: Prälithiiert - 0MPa - 48h
B28: Atmosphäre während der Prälithiierung: | C28: O2: <2 ppm | D28: H2O: <2 ppm
C30: Atmosphäre während der Assemblierung: | G30: O2: <1,0 ppm | H30: O2: <1,0 ppm
B32: df_MH_VZ_PZ_3,8_10µm_48h_0b_1 | D32: 1. Anode: | E32: 0.1587 | F32: g | G32: 1. Kathode: | H32: 0.1993 | I32: g | J32: berechnete/theoretische Zellkapazität: | K32: =(H32*1000-'Material - Abmessungen'!E33)*'Material - Abmessungen'!E28*0.96 -> 30.288098 | L32: mAh | M32: Kapazität nach der Formierung: | N32: 29.098 | O32: mAh | P32: N:P-Verhältnis: | Q32: =((E32*1000-'Material - Abmessungen'!E44-('Material - Abmessungen'!E49*1000))*'Material - Abmessungen'!E38*0.697)/K32 -> 3.5774647 | R32: Lithiierung der Anode: | S32: =Q32^(-1) -> 0.27952756
B33: df_MH_VZ_PZ_3,8_10µm_48h_0b_2 | D33: 2. Anode: | E33: 0.1602 | F33: g | G33: 2. Kathode: | H33: 0.1996 | I33: g | J33: berechnete/theoretische Zellkapazität: | K33: =(H33*1000-'Material - Abmessungen'!E33)*'Material - Abmessungen'!E28*0.96 -> 30.342818 | L33: mAh | M33: Kapazität nach der Formierung: | N33: 29.403 | O33: mAh | P33: N:P-Verhältnis: | Q33: =((E33*1000-'Material - Abmessungen'!E44-('Material - Abmessungen'!E49*1000))*'Material - Abmessungen'!E38*0.697)/K33 -> 3.6943321 | R33: Lithiierung der Anode: | S33: =Q33^(-1) -> 0.27068492
D35: Coulombsche Wirkungsgrade:
F36: 1. Zelle | G36: 2. Zelle
D37: 1. Laden (CC): | F37: 32.824 | G37: 33.402
D38: 2. Laden (CV): | F38: 2.068 | G38: 2.105
D39: 1. Entladen (CC): | F39: 28.976 | G39: 29.4 | O39: Standardabweichung
D40: Coulombscher Wirkungsgrad: | F40: =F39/(F37+F38) -> 0.83044824 | G40: =G39/(G37+G38) -> 0.82800575 | L40: Durchschnittlicher ICE: | M40: =(F40+G40)/2 -> 0.82922699 | O40: =_xlfn.STDEV.S(F40,G40,H40) -> 0.0017271047
D42: 3. Laden (CC): | F42: 28.764 | G42: 28.56
D43: 4. Laden (CV): | F43: 1.192 | G43: 1.43
D44: 2. Entladen (CC): | F44: 29.098 | G44: 29.403 | O44: Standardabweichung
D45: Coulombscher Wirkungsgrad: | F45: =F44/(F42+F43) -> 0.97135799 | G45: =G44/(G42+G43) -> 0.98042681 | L45: Durchschnittlicher ICE: | M45: =(F45+G45)/2 -> 0.9758924 | O45: =_xlfn.STDEV.S(F45,G45,H45) -> 0.0064126222
B47: Prälithiiert - 1MPa - 48h
B48: Atmosphäre während der Prälithiierung: | C48: O2: <2 ppm | D48: H2O: <2 ppm
C50: Atmosphäre während der Assemblierung: | G50: O2: <1,0 ppm | H50: O2: <1,0 ppm
B52: df_MH_VZ_PZ_3,8_10µm_48h_1b_1 | D52: 1. Anode: | E52: 0.1585 | F52: g | G52: 1. Kathode: | H52: 0.197 | I52: g | J52: berechnete/theoretische Zellkapazität: | K52: =(H52*1000-'Material - Abmessungen'!E33)*'Material - Abmessungen'!E28*0.96 -> 29.868578 | L52: mAh | M52: Kapazität nach der Formierung: | N52: 32.117 | O52: mAh | P52: N:P-Verhältnis: | Q52: =((E52*1000-'Material - Abmessungen'!E44-('Material - Abmessungen'!E49*1000))*'Material - Abmessungen'!E38*0.697)/K52 -> 3.6110085 | R52: Lithiierung der Anode: | S52: =Q52^(-1) -> 0.27693094
B53: df_MH_VZ_PZ_3,8_10µm_48h_1b_2 | D53: 2. Anode: | E53: 0.1641 | F53: g | G53: 2. Kathode: | H53: 0.1993 | I53: g | J53: berechnete/theoretische Zellkapazität: | K53: =(H53*1000-'Material - Abmessungen'!E33)*'Material - Abmessungen'!E28*0.96 -> 30.288098 | L53: mAh | M53: Kapazität nach der Formierung: | N53: 32.407 | O53: mAh | P53: N:P-Verhältnis: | Q53: =((E53*1000-'Material - Abmessungen'!E44-('Material - Abmessungen'!E49*1000))*'Material - Abmessungen'!E38*0.697)/K53 -> 4.022215 | R53: Lithiierung der Anode: | S53: =Q53^(-1) -> 0.24861923
D55: Coulombsche Wirkungsgrade:
F56: 1. Zelle | G56: 2. Zelle
D57: 1. Laden (CC): | F57: 35.924 | G57: 36.44
D58: 2. Laden (CV): | F58: 0.375 | G58: 0.395
D59: 1. Entladen (CC): | F59: 32.244 | G59: 32.589 | O59: Standardabweichung
D60: Coulombscher Wirkungsgrad: | F60: =F59/(F57+F58) -> 0.88828893 | G60: =G59/(G57+G58) -> 0.8847292 | L60: Durchschnittlicher ICE: | M60: =(F60+G60)/2 -> 0.88650907 | O60: =_xlfn.STDEV.S(F60,G60,H60) -> 0.0025171133
D62: 3. Laden (CC): | F62: 32.048 | G62: 32.399
D63: 4. Laden (CV): | F63: 0.332 | G63: 0.326
D64: 2. Entladen (CC): | F64: 32.117 | G64: 32.407 | O64: Standardabweichung
D65: Coulombscher Wirkungsgrad: | F65: =F64/(F62+F63) -> 0.9918777 | G65: =G64/(G62+G63) -> 0.99028266 | L65: Durchschnittlicher ICE: | M65: =(F65+G65)/2 -> 0.99108018 | O65: =_xlfn.STDEV.S(F65,G65,H65) -> 0.0011278663
B67: Prälithiiert - 2MPa - 48h
B68: Atmosphäre während der Prälithiierung: | C68: O2: <2 ppm | D68: H2O: <2 ppm
C70: Atmosphäre während der Assemblierung: | G70: O2: <1,0 ppm | H70: O2: <1,0 ppm
B72: df_MH_VZ_PZ_3,8_10µm_48h_2b_1 | D72: 1. Anode: | E72: 0.1597 | F72: g | G72: 1. Kathode: | H72: 0.1985 | I72: g | J72: berechnete/theoretische Zellkapazität: | K72: =(H72*1000-'Material - Abmessungen'!E33)*'Material - Abmessungen'!E28*0.96 -> 30.142178 | L72: mAh | M72: Kapazität nach der Formierung: | N72: 32.371 | O72: mAh | P72: N:P-Verhältnis: | Q72: =((E72*1000-'Material - Abmessungen'!E44-('Material - Abmessungen'!E49*1000))*'Material - Abmessungen'!E38*0.697)/K72 -> 3.6775433 | R72: Lithiierung der Anode: | S72: =Q72^(-1) -> 0.27192066
B73: df_MH_VZ_PZ_3,8_10µm_48h_2b_2 | D73: 2. Anode: | E73: 0.1581 | F73: g | G73: 2. Kathode: | H73: 0.1971 | I73: g | J73: berechnete/theoretische Zellkapazität: | K73: =(H73*1000-'Material - Abmessungen'!E33)*'Material - Abmessungen'!E28*0.96 -> 29.886818 | L73: mAh | M73: Kapazität nach der Formierung: | N73: 31.899 | O73: mAh | P73: N:P-Verhältnis: | Q73: =((E73*1000-'Material - Abmessungen'!E44-('Material - Abmessungen'!E49*1000))*'Material - Abmessungen'!E38*0.697)/K73 -> 3.5754179 | R73: Lithiierung der Anode: | S73: =Q73^(-1) -> 0.27968758
D75: Coulombsche Wirkungsgrade:
F76: 1. Zelle | G76: 2. Zelle
D77: 1. Laden (CC): | F77: 36.238 | G77: 35.913
D78: 2. Laden (CV): | F78: 0.378 | G78: 0.38
D79: 1. Entladen (CC): | F79: 32.481 | G79: 32.039 | O79: Standardabweichung
D80: Coulombscher Wirkungsgrad: | F80: =F79/(F77+F78) -> 0.88707123 | G80: =G79/(G77+G78) -> 0.88278731 | L80: Durchschnittlicher ICE: | M80: =(F80+G80)/2 -> 0.88492927 | O80: =_xlfn.STDEV.S(F80,G80,H80) -> 0.0030291828
D82: 3. Laden (CC): | F82: 32.33 | G82: 31.856
D83: 4. Laden (CV): | F83: 0.312 | G83: 0.324
D84: 2. Entladen (CC): | F84: 32.371 | G84: 31.898 | O84: Standardabweichung
D85: Coulombscher Wirkungsgrad: | F85: =F84/(F82+F83) -> 0.99169781 | G85: =G84/(G82+G83) -> 0.99123679 | L85: Durchschnittlicher ICE: | M85: =(F85+G85)/2 -> 0.9914673 | O85: =_xlfn.STDEV.S(F85,G85,H85) -> 0.00032599008
B87: Prälithiiert - 3MPa - 48h
B88: Atmosphäre während der Prälithiierung: | C88: O2: <2 ppm | D88: H2O: <2 ppm
C90: Atmosphäre während der Assemblierung: | G90: O2: <1,0 ppm | H90: O2: <1,0 ppm
B92: df_MH_VZ_PZ_3,8_10µm_48h_3b_1 | D92: 1. Anode: | E92: 0.1598 | F92: g | G92: 1. Kathode: | H92: 0.1986 | I92: g | J92: berechnete/theoretische Zellkapazität: | K92: =(H92*1000-'Material - Abmessungen'!E33)*'Material - Abmessungen'!E28*0.96 -> 30.160418 | L92: mAh | M92: Kapazität nach der Formierung: | N92: 31.424 | O92: mAh | P92: N:P-Verhältnis: | Q92: =((E92*1000-'Material - Abmessungen'!E44-('Material - Abmessungen'!E49*1000))*'Material - Abmessungen'!E38*0.697)/K92 -> 3.6835903 | R92: Lithiierung der Anode: | S92: =Q92^(-1) -> 0.27147428
B93: df_MH_VZ_PZ_3,8_10µm_48h_3b_2 | D93: 2. Anode: | E93: 0.1646 | F93: g | G93: 2. Kathode: | H93: 0.1994 | I93: g | J93: berechnete/theoretische Zellkapazität: | K93: =(H93*1000-'Material - Abmessungen'!E33)*'Material - Abmessungen'!E28*0.96 -> 30.306338 | L93: mAh | M93: Kapazität nach der Formierung: | N93: 32.505 | O93: mAh | P93: N:P-Verhältnis: | Q93: =((E93*1000-'Material - Abmessungen'!E44-('Material - Abmessungen'!E49*1000))*'Material - Abmessungen'!E38*0.697)/K93 -> 4.06095 | R93: Lithiierung der Anode: | S93: =Q93^(-1) -> 0.2462478
D95: Coulombsche Wirkungsgrade:
F96: 1. Zelle | G96: 2. Zelle
D97: 1. Laden (CC): | F97: 35.415 | G97: 36.529
D98: 2. Laden (CV): | F98: 0.737 | G98: 0.385
D99: 1. Entladen (CC): | F99: 31.479 | G99: 32.652 | O99: Standardabweichung
D100: Coulombscher Wirkungsgrad: | F100: =F99/(F97+F98) -> 0.87074021 | G100: =G99/(G97+G98) -> 0.88454245 | L100: Durchschnittlicher ICE: | M100: =(F100+G100)/2 -> 0.87764133 | O100: =_xlfn.STDEV.S(F100,G100,H100) -> 0.0097596589
D102: 3. Laden (CC): | F102: 31.158 | G102: 32.487
D103: 4. Laden (CV): | F103: 0.678 | G103: 0.31
D104: 2. Entladen (CC): | F104: 31.424 | G104: 32.505 | O104: Standardabweichung
D105: Coulombscher Wirkungsgrad: | F105: =F104/(F102+F103) -> 0.98705868 | G105: =G104/(G102+G103) -> 0.99109675 | L105: Durchschnittlicher ICE: | M105: =(F105+G105)/2 -> 0.98907771 | O105: =_xlfn.STDEV.S(F105,G105,H105) -> 0.0028553473

Sheet Halbzelle - 10µm (CR2032) - For
B2: Halbzellen zur Untersuchung der Auswirkungen unterschiedlicher Prälithiierungsgrade in Abhängigkeit der Prälithiierungsdauer (10µm)
B5: Prälithiiert - 10µm - 0h Stunden (2 min)
B6: Atmosphäre während der Prälithiierung: | C6: O2: <2 ppm | D6: H2O: <2 ppm
C8: Atmosphäre während der Assemblierung: | G8: O2: <1,0 ppm | H8: O2: <12,0 ppm
B10: df_MH_MA_VV_HZ_Prä_0h_1 | D10: 1. Anode: | E10: 0.02551 | F10: g | G10: theoretische Kapazität der Anode: | H10: ='Material - Abmessungen'!E15 -> 6.7149563 | I10: mAh
B11: df_MH_MA_VV_HZ_Prä_0h_2 | D11: 2. Anode: | E11: 0.02526 | F11: g | G11: theoretische Kapazität der Anode: | H11: ='Material - Abmessungen'!E15 -> 6.7149563 | I11: mAh
B12: df_MH_MA_VV_HZ_Prä_0h_3 | D12: 3. Anode: | E12: 0.02601 | F12: g | G12: theoretische Kapazität der Anode: | H12: ='Material - Abmessungen'!E15 -> 6.7149563 | I12: mAh
D14: Coulombsche Wirkungsgrade:
F15: 1. Zelle | G15: 2. Zelle | H15: 3. Zelle
D16: 1. Laden (CC): | F16: 6.715 | G16: 6.715 | H16: 6.715
D17: 2. Laden (CV): | F17: 0 | G17: 0 | H17: 0
D18: 1. Entladen (CC): | F18: 9.118 | G18: 9.182 | H18: 9.049 | M18: Standardabweichung
D19: Coulombscher Wirkungsgrad: | F19: =F18/(F16+F17) -> 1.3578555 | G19: =G18/(G16+G17) -> 1.3673864 | H19: =H18/(H16+H17) -> 1.34758 | J19: Durchschnittlicher ICE: | K19: =(F19+G19+H19)/3 -> 1.3576073 | M19: =_xlfn.STDEV.S(F19,G19,H19) -> 0.0099055342
D21: 3. Laden (CC): | F21: 6.715 | G21: 6.715 | H21: 6.715
D22: 4. Laden (CV): | F22: 0 | G22: 0 | H22: 0
D23: 2. Entladen (CC): | F23: 6.643 | G23: 6.652 | H23: 6.645 | M23: Standardabweichung
D24: Coulombscher Wirkungsgrad: | F24: =F23/(F21+F22) -> 0.98927774 | G24: =G23/(G21+G22) -> 0.99061802 | H24: =H23/(H21+H22) -> 0.98957558 | J24: Durchschnittlicher ICE: | K24: =(F24+G24+H24)/3 -> 0.98982378 | M24: =_xlfn.STDEV.S(F24,G24,H24) -> 0.00070377001
D26: Niedrigste Spannungswerte der Halbzellen
D27: 1. Anode: | E27: -0.2295 | F27: V
D28: 2. Anode: | E28: -0.2712 | F28: V
D29: 3. Anode: | E29: -0.0433 | F29: V
D30: Mittelwert: | E30: =(E27+E28+E29)/3 -> -0.18133333 | F30: V
D32: Niedrigste Spannungswerte der Halbzellen
D33: 1. Anode: | E33: 0.12 | F33: h
D34: 2. Anode: | E34: 0.07 | F34: h
D35: 3. Anode: | E35: 0.41 | F35: h
D36: Mittelwert: | E36: =(E33+E34+E35)/3 -> 0.2 | F36: h
B38: Prälithiiert - 10µm - 24h Stunden
B39: Atmosphäre während der Prälithiierung: | C39: O2: <2 ppm | D39: H2O: <2 ppm
C41: Atmosphäre während der Assemblierung: | G41: O2: <1,0 ppm | H41: O2: <12,0 ppm
B43: df_MH_MA_VV_HZ_Prä_24h_1 | D43: 1. Anode: | E43: 0.02547 | F43: g | G43: theoretische Kapazität der Anode: | H43: ='Material - Abmessungen'!E15 -> 6.7149563 | I43: mAh
B44: df_MH_MA_VV_HZ_Prä_24h_2 | D44: 2. Anode: | E44: 0.02541 | F44: g | G44: theoretische Kapazität der Anode: | H44: ='Material - Abmessungen'!E15 -> 6.7149563 | I44: mAh
B45: df_MH_MA_VV_HZ_Prä_24h_3 | D45: 3. Anode: | E45: 0.02544 | F45: g | G45: theoretische Kapazität der Anode: | H45: ='Material - Abmessungen'!E15 -> 6.7149563 | I45: mAh
D47: Coulombsche Wirkungsgrade:
F48: 1. Zelle | G48: 2. Zelle | H48: 3. Zelle
D49: 1. Laden (CC): | F49: 6.715 | G49: 6.715 | H49: 6.715
D50: 2. Laden (CV): | F50: 0 | G50: 0 | H50: 0
D51: 1. Entladen (CC): | F51: 9.189 | G51: 9.132 | H51: 9.211 | M51: Standardabweichung
D52: Coulombscher Wirkungsgrad: | F52: =F51/(F49+F50) -> 1.3684289 | G52: =G51/(G49+G50) -> 1.3599404 | H52: =H51/(H49+H50) -> 1.3717051 | J52: Durchschnittlicher ICE: | K52: =(F52+G52+H52)/3 -> 1.3666915 | M52: =_xlfn.STDEV.S(F52,G52,H52) -> 0.0060717382
D54: 3. Laden (CC): | F54: 6.715 | G54: 6.715 | H54: 6.715
D55: 4. Laden (CV): | F55: 0 | G55: 0 | H55: 0
D56: 2. Entladen (CC): | F56: 6.661 | G56: 6.655 | H56: 6.661 | M56: Standardabweichung
D57: Coulombscher Wirkungsgrad: | F57: =F56/(F54+F55) -> 0.9919583 | G57: =G56/(G54+G55) -> 0.99106478 | H57: =H56/(H54+H55) -> 0.9919583 | J57: Durchschnittlicher ICE: | K57: =(F57+G57+H57)/3 -> 0.99166046 | M57: =_xlfn.STDEV.S(F57,G57,H57) -> 0.00051587515
D59: Niedrigste Spannungswerte der Halbzellen
D60: 1. Anode: | E60: -0.089 | F60: V
D61: 2. Anode: | E61: -0.1033 | F61: V
D62: 3. Anode: | E62: -0.3573 | F62: V
D63: Mittelwert: | E63: =(E60+E61+E62)/3 -> -0.1832 | F63: V
D65: Niedrigste Spannungswerte der Halbzellen
D66: 1. Anode: | E66: 0.13 | F66: h
D67: 2. Anode: | E67: 0.1 | F67: h
D68: 3. Anode: | E68: 0.16 | F68: h
D69: Mittelwert: | E69: =(E66+E67+E68)/3 -> 0.13 | F69: h
B71: Prälithiiert - 10µm - 48h Stunden
B72: Atmosphäre während der Prälithiierung: | C72: O2: <2 ppm | D72: H2O: <2 ppm
C74: Atmosphäre während der Assemblierung: | G74: O2: <1,0 ppm | H74: O2: <12,0 ppm
B76: df_MH_MA_VV_HZ_Prä_48h_1 | D76: 1. Anode: | E76: 0.02556 | F76: g | G76: theoretische Kapazität der Anode: | H76: ='Material - Abmessungen'!E15 -> 6.7149563 | I76: mAh
B77: df_MH_MA_VV_HZ_Prä_48h_2 | D77: 2. Anode: | E77: 0.02526 | F77: g | G77: theoretische Kapazität der Anode: | H77: ='Material - Abmessungen'!E15 -> 6.7149563 | I77: mAh
B78: df_MH_MA_VV_HZ_Prä_48h_3 | D78: 3. Anode: | E78: 0.02539 | F78: g | G78: theoretische Kapazität der Anode: | H78: ='Material - Abmessungen'!E15 -> 6.7149563 | I78: mAh
D80: Coulombsche Wirkungsgrade:
F81: 1. Zelle | G81: 2. Zelle | H81: 3. Zelle
D82: 1. Laden (CC): | F82: 6.715 | G82: 6.715 | H82: 6.715
D83: 2. Laden (CV): | F83: 0 | G83: 0 | H83: 0
D84: 1. Entladen (CC): | F84: 9.066 | G84: 9.248 | H84: 9.215 | M84: Standardabweichung
D85: Coulombscher Wirkungsgrad: | F85: =F84/(F82+F83) -> 1.3501117 | G85: =G84/(G82+G83) -> 1.3772152 | H85: =H84/(H82+H83) -> 1.3723008 | J85: Durchschnittlicher ICE: | K85: =(F85+G85+H85)/3 -> 1.3665426 | M85: =_xlfn.STDEV.S(F85,G85,H85) -> 0.014440153
D87: 3. Laden (CC): | F87: 6.715 | G87: 6.715 | H87: 6.715
D88: 4. Laden (CV): | F88: 0 | G88: 0 | H88: 0
D89: 2. Entladen (CC): | F89: 6.658 | G89: 6.666 | H89: 6.667 | M89: Standardabweichung
D90: Coulombscher Wirkungsgrad: | F90: =F89/(F87+F88) -> 0.99151154 | G90: =G89/(G87+G88) -> 0.9927029 | H90: =H89/(H87+H88) -> 0.99285182 | J90: Durchschnittlicher ICE: | K90: =(F90+G90+H90)/3 -> 0.99235542 | M90: =_xlfn.STDEV.S(F90,G90,H90) -> 0.00073460653
D92: Niedrigste Spannungswerte der Halbzellen
D93: 1. Anode: | E93: -0.3894 | F93: V
D94: 2. Anode: | E94: -0.3709 | F94: V
D95: 3. Anode: | E95: -0.3316 | F95: V
D96: Mittelwert: | E96: =(E93+E94+E95)/3 -> -0.36396667 | F96: V
D98: Niedrigste Spannungswerte der Halbzellen
D99: 1. Anode: | E99: 0.05 | F99: h
D100: 2. Anode: | E100: 0.08 | F100: h
D101: 3. Anode: | E101: 0.06 | F101: h
D102: Mittelwert: | E102: =(E99+E100+E101)/3 -> 0.063333333 | F102: h
B104: Prälithiiert - 10µm - 72h Stunden
B105: Atmosphäre während der Prälithiierung: | C105: O2: <2 ppm | D105: H2O: <2 ppm
C107: Atmosphäre während der Assemblierung: | G107: O2: <1,0 ppm | H107: O2: <12,0 ppm
B109: df_MH_MA_VV_HZ_Prä_72h_1 | D109: 1. Anode: | E109: 0.02534 | F109: g | G109: theoretische Kapazität der Anode: | H109: ='Material - Abmessungen'!E15 -> 6.7149563 | I109: mAh
B110: df_MH_MA_VV_HZ_Prä_72h_2 | D110: 2. Anode: | E110: 0.02534 | F110: g | G110: theoretische Kapazität der Anode: | H110: ='Material - Abmessungen'!E15 -> 6.7149563 | I110: mAh
B111: df_MH_MA_VV_HZ_Prä_72h_3 | D111: 3. Anode: | E111: 0.02563 | F111: g | G111: theoretische Kapazität der Anode: | H111: ='Material - Abmessungen'!E15 -> 6.7149563 | I111: mAh
D113: Coulombsche Wirkungsgrade:
F114: 1. Zelle | G114: 2. Zelle | H114: 3. Zelle
D115: 1. Laden (CC): | F115: 6.715 | G115: 6.715 | H115: 6.715
D116: 2. Laden (CV): | F116: 0 | G116: 0 | H116: 0
D117: 1. Entladen (CC): | F117: 9.054 | G117: 9.136 | H117: 9.191 | M117: Standardabweichung
D118: Coulombscher Wirkungsgrad: | F118: =F117/(F115+F116) -> 1.3483246 | G118: =G117/(G115+G116) -> 1.3605361 | H118: =H117/(H115+H116) -> 1.3687267 | J118: Durchschnittlicher ICE: | K118: =(F118+G118+H118)/3 -> 1.3591958 | M118: =_xlfn.STDEV.S(F118,G118,H118) -> 0.010266866
D120: 3. Laden (CC): | F120: 6.715 | G120: 6.715 | H120: 6.715
D121: 4. Laden (CV): | F121: 0 | G121: 0 | H121: 0
D122: 2. Entladen (CC): | F122: 6.663 | G122: 6.677 | H122: 6.667 | M122: Standardabweichung
D123: Coulombscher Wirkungsgrad: | F123: =F122/(F120+F121) -> 0.99225614 | G123: =G122/(G120+G121) -> 0.99434103 | H123: =H122/(H120+H121) -> 0.99285182 | J123: Durchschnittlicher ICE: | K123: =(F123+G123+H123)/3 -> 0.99314966 | M123: =_xlfn.STDEV.S(F123,G123,H123) -> 0.0010738798
D125: Niedrigste Spannungswerte der Halbzellen
D126: 1. Anode: | E126: -0.1257 | F126: V
D127: 2. Anode: | E127: -0.1313 | F127: V
D128: 3. Anode: | E128: -0.3368 | F128: V
D129: Mittelwert: | E129: =(E126+E127+E128)/3 -> -0.19793333 | F129: V
...

Sheet Halbzelle - 5µm (CR2032) - For
B2: Halbzellen zur Untersuchung der Auswirkungen unterschiedlicher Prälithiierungsgrade in Abhängigkeit der Prälithiierungsdauer (5µm)
B5: Prälithiiert - 5µm - 0h Stunden (2 min)
B6: Atmosphäre während der Prälithiierung: | C6: O2: <2 ppm | D6: H2O: <2 ppm
C8: Atmosphäre während der Assemblierung: | G8: O2: <1,0 ppm | H8: O2: <12,0 ppm
B10: df_MH_MA_VV_HZ_Prä_0h_5_1 | D10: 1. Anode: | E10: 0.02496 | F10: g | G10: theoretische Kapazität der Anode: | H10: ='Material - Abmessungen'!E15 -> 6.7149563 | I10: mAh
B11: df_MH_MA_VV_HZ_Prä_0h_5_2 | D11: 2. Anode: | E11: 0.02524 | F11: g | G11: theoretische Kapazität der Anode: | H11: ='Material - Abmessungen'!E15 -> 6.7149563 | I11: mAh
B12: df_MH_MA_VV_HZ_Prä_0h_5_3 | D12: 3. Anode: | E12: 0.02504 | F12: g | G12: theoretische Kapazität der Anode: | H12: ='Material - Abmessungen'!E15 -> 6.7149563 | I12: mAh
D14: Coulombsche Wirkungsgrade:
F15: 1. Zelle | G15: 2. Zelle | H15: 3. Zelle
D16: 1. Laden (CC): | F16: 6.715 | G16: 6.715 | H16: 6.715
D17: 2. Laden (CV): | F17: 0 | G17: 0 | H17: 0
D18: 1. Entladen (CC): | F18: 7.948 | G18: 8.014 | H18: 8.004 | M18: Standardabweichung
D19: Coulombscher Wirkungsgrad: | F19: =F18/(F16+F17) -> 1.1836188 | G19: =G18/(G16+G17) -> 1.1934475 | H19: =H18/(H16+H17) -> 1.1919583 | J19: Durchschnittlicher ICE: | K19: =(F19+G19+H19)/3 -> 1.1896749 | M19: =_xlfn.STDEV.S(F19,G19,H19) -> 0.005297323
D21: 3. Laden (CC): | F21: 6.715 | G21: 6.715 | H21: 6.715
D22: 4. Laden (CV): | F22: 0 | G22: 0 | H22: 0
D23: 2. Entladen (CC): | F23: 6.633 | G23: 6.645 | H23: 6.638 | M23: Standardabweichung
D24: Coulombscher Wirkungsgrad: | F24: =F23/(F21+F22) -> 0.98778853 | G24: =G23/(G21+G22) -> 0.98957558 | H24: =H23/(H21+H22) -> 0.98853313 | J24: Durchschnittlicher ICE: | K24: =(F24+G24+H24)/3 -> 0.98863241 | M24: =_xlfn.STDEV.S(F24,G24,H24) -> 0.00089764911
D26: Niedrigste Spannungswerte der Halbzellen
D27: 1. Anode: | E27: -0.2514 | F27: V
D28: 2. Anode: | E28: -0.2081 | F28: V
D29: 3. Anode: | E29: -0.2146 | F29: V
D30: Mittelwert: | E30: =(E27+E28+E29)/3 -> -0.2247 | F30: V
D32: Niedrigste Spannungswerte der Halbzellen
D33: 1. Anode: | E33: 0.47 | F33: h
D34: 2. Anode: | E34: 0.05 | F34: h
D35: 3. Anode: | E35: 0.05 | F35: h
D36: Mittelwert: | E36: =(E33+E34+E35)/3 -> 0.19 | F36: h
B38: Prälithiiert - 5µm - 24h Stunden
B39: Atmosphäre während der Prälithiierung: | C39: O2: <2 ppm | D39: H2O: <2 ppm
C41: Atmosphäre während der Assemblierung: | G41: O2: <1,0 ppm | H41: O2: <12,0 ppm
B43: df_MH_MA_VV_HZ_Prä_24h_5_1 | D43: 1. Anode: | E43: 0.02518 | F43: g | G43: theoretische Kapazität der Anode: | H43: ='Material - Abmessungen'!E15 -> 6.7149563 | I43: mAh
B44: df_MH_MA_VV_HZ_Prä_24h_5_2 | D44: 2. Anode: | E44: 0.02511 | F44: g | G44: theoretische Kapazität der Anode: | H44: ='Material - Abmessungen'!E15 -> 6.7149563 | I44: mAh
B45: df_MH_MA_VV_HZ_Prä_24h_5_3 | D45: 3. Anode: | E45: 0.02506 | F45: g | G45: theoretische Kapazität der Anode: | H45: ='Material - Abmessungen'!E15 -> 6.7149563 | I45: mAh
D47: Coulombsche Wirkungsgrade:
F48: 1. Zelle | G48: 2. Zelle | H48: 3. Zelle
D49: 1. Laden (CC): | F49: 6.715 | G49: 6.715 | H49: 6.715
D50: 2. Laden (CV): | F50: 0 | G50: 0 | H50: 0
D51: 1. Entladen (CC): | F51: 7.941 | G51: 7.983 | H51: 7.935 | M51: Standardabweichung
D52: Coulombscher Wirkungsgrad: | F52: =F51/(F49+F50) -> 1.1825763 | G52: =G51/(G49+G50) -> 1.188831 | H52: =H51/(H49+H50) -> 1.1816828 | J52: Durchschnittlicher ICE: | K52: =(F52+G52+H52)/3 -> 1.1843634 | M52: =_xlfn.STDEV.S(F52,G52,H52) -> 0.003894772
D54: 3. Laden (CC): | F54: 6.715 | G54: 6.715 | H54: 6.715
D55: 4. Laden (CV): | F55: 0 | G55: 0 | H55: 0
D56: 2. Entladen (CC): | F56: 6.64 | G56: 6.642 | H56: 6.64 | M56: Standardabweichung
D57: Coulombscher Wirkungsgrad: | F57: =F56/(F54+F55) -> 0.98883098 | G57: =G56/(G54+G55) -> 0.98912882 | H57: =H56/(H54+H55) -> 0.98883098 | J57: Durchschnittlicher ICE: | K57: =(F57+G57+H57)/3 -> 0.98893026 | M57: =_xlfn.STDEV.S(F57,G57,H57) -> 0.00017195838
D59: Niedrigste Spannungswerte der Halbzellen
D60: 1. Anode: | E60: -0.252 | F60: V
D61: 2. Anode: | E61: -0.0823 | F61: V
D62: 3. Anode: | E62: -0.1671 | F62: V
D63: Mittelwert: | E63: =(E60+E61+E62)/3 -> -0.16713333 | F63: V
D65: Niedrigste Spannungswerte der Halbzellen
D66: 1. Anode: | E66: 0.02 | F66: h
D67: 2. Anode: | E67: 0.34 | F67: h
D68: 3. Anode: | E68: 0.02 | F68: h
D69: Mittelwert: | E69: =(E66+E67+E68)/3 -> 0.12666667 | F69: h
B71: Prälithiiert - 5µm - 48h Stunden
B72: Atmosphäre während der Prälithiierung: | C72: O2: <2 ppm | D72: H2O: <2 ppm
C74: Atmosphäre während der Assemblierung: | G74: O2: <1,0 ppm | H74: O2: <12,0 ppm
B76: df_MH_MA_VV_HZ_Prä_48h_5_1 | D76: 1. Anode: | E76: 0.02513 | F76: g | G76: theoretische Kapazität der Anode: | H76: ='Material - Abmessungen'!E15 -> 6.7149563 | I76: mAh
B77: df_MH_MA_VV_HZ_Prä_48h_5_2 | D77: 2. Anode: | E77: 0.0253 | F77: g | G77: theoretische Kapazität der Anode: | H77: ='Material - Abmessungen'!E15 -> 6.7149563 | I77: mAh
B78: df_MH_MA_VV_HZ_Prä_48h_5_3 | D78: 3. Anode: | E78: 0.02515 | F78: g | G78: Diese Zelle wird nicht verwendet, da sie während des ersten ladevorgang 10h negative Spannungswerte aufweist.
D80: Coulombsche Wirkungsgrade:
F81: 1. Zelle | G81: 2. Zelle | H81: 3. Zelle
D82: 1. Laden (CC): | F82: 6.715 | G82: 6.715 | H82: 6.715
D83: 2. Laden (CV): | F83: 0 | G83: 0 | H83: 0
D84: 1. Entladen (CC): | F84: 7.941 | G84: 7.805 | H84: 7.838 | M84: Standardabweichung
D85: Coulombscher Wirkungsgrad: | F85: =F84/(F82+F83) -> 1.1825763 | G85: =G84/(G82+G83) -> 1.1623232 | H85: =H84/(H82+H83) -> 1.1672375 | J85: Durchschnittlicher ICE: | K85: =(F85+G85)/2 -> 1.1724497 | M85: =_xlfn.STDEV.S(F85,G85) -> 0.01432115
D87: 3. Laden (CC): | F87: 6.715 | G87: 6.715 | H87: 6.715
D88: 4. Laden (CV): | F88: 0 | G88: 0 | H88: 0
D89: 2. Entladen (CC): | F89: 6.649 | G89: 6.645 | H89: 6.647 | M89: Standardabweichung
D90: Coulombscher Wirkungsgrad: | F90: =F89/(F87+F88) -> 0.99017126 | G90: =G89/(G87+G88) -> 0.98957558 | H90: =H89/(H87+H88) -> 0.98987342 | J90: Durchschnittlicher ICE: | K90: =(F90+G90)/2 -> 0.98987342 | M90: =_xlfn.STDEV.S(F90,G90) -> 0.00042121029
D92: Niedrigste Spannungswerte der Halbzellen
D93: 1. Anode: | E93: -0.2813 | F93: V
D94: 2. Anode: | E94: -0.2301 | F94: V
D95: 3. Anode: | E95: -0.2763 | F95: V
D96: Mittelwert: | E96: =(E93+E94)/2 -> -0.2557 | F96: V
D98: Niedrigste Spannungswerte der Halbzellen
D99: 1. Anode: | E99: 0.03 | F99: h
D100: 2. Anode: | E100: 0.36 | F100: h
D101: 3. Anode: | E101: 10 | F101: h
D102: Mittelwert: | E102: =(E99+E100)/2 -> 0.195 | F102: h
B104: Prälithiiert - 5µm - 72h Stunden
B105: Atmosphäre während der Prälithiierung: | C105: O2: <2 ppm | D105: H2O: <2 ppm
C107: Atmosphäre während der Assemblierung: | G107: O2: <1,0 ppm | H107: O2: <12,0 ppm
B109: df_MH_MA_VV_HZ_Prä_72h_5_1 | D109: 1. Anode: | E109: 0.02524 | F109: g | G109: theoretische Kapazität der Anode: | H109: ='Material - Abmessungen'!E15 -> 6.7149563 | I109: mAh
B110: df_MH_MA_VV_HZ_Prä_72h_5_2 | D110: 2. Anode: | E110: 0.02515 | F110: g | G110: Diese Zelle wird nicht verwendet, da sie während des ersten ladevorgang 10h negative Spannungswerte aufweist.
B111: df_MH_MA_VV_HZ_Prä_72h_5_3 | D111: 3. Anode: | E111: 0.02529 | F111: g | G111: theoretische Kapazität der Anode: | H111: ='Material - Abmessungen'!E15 -> 6.7149563 | I111: mAh
D113: Coulombsche Wirkungsgrade:
F114: 1. Zelle | G114: 2. Zelle | H114: 3. Zelle
D115: 1. Laden (CC): | F115: 6.715 | G115: 6.715 | H115: 6.715
D116: 2. Laden (CV): | F116: 0 | G116: 0 | H116: 0
D117: 1. Entladen (CC): | F117: 7.84 | G117: 7.894 | H117: 7.936 | M117: Standardabweichung
D118: Coulombscher Wirkungsgrad: | F118: =F117/(F115+F116) -> 1.1675354 | G118: =G117/(G115+G116) -> 1.1755771 | H118: =H117/(H115+H116) -> 1.1818317 | J118: Durchschnittlicher ICE: | K118: =(F118+H118)/2 -> 1.1746835 | M118: =_xlfn.STDEV.S(F118,H118) -> 0.010109047
D120: 3. Laden (CC): | F120: 6.715 | G120: 6.715 | H120: 6.715
D121: 4. Laden (CV): | F121: 0 | G121: 0 | H121: 0
D122: 2. Entladen (CC): | F122: 6.647 | G122: 6.652 | H122: 6.651 | M122: Standardabweichung
D123: Coulombscher Wirkungsgrad: | F123: =F122/(F120+F121) -> 0.98987342 | G123: =G122/(G120+G121) -> 0.99061802 | H123: =H122/(H120+H121) -> 0.9904691 | J123: Durchschnittlicher ICE: | K123: =(F123+H123)/2 -> 0.99017126 | M123: =_xlfn.STDEV.S(F123,H123) -> 0.00042121029
D125: Niedrigste Spannungswerte der Halbzellen
D126: 1. Anode: | E126: -0.0641 | F126: V
D127: 2. Anode: | E127: -0.309 | F127: V
D128: 3. Anode: | E128: -0.0538 | F128: V
D129: Mittelwert: | E129: =(E126+E128)/2 -> -0.05895 | F129: V
...

Sheet Halbzelle - Ref (CR2032) - For
B2: Unprälithiierte Referenzhalbzellen zur Untersuchung der Auswirkungen unterschiedlicher Prälithiierungsgrade in Abhängigkeit der Prälithiierungsdauer
B3: Diese Ref-Zellen schaffen einen Bezug inwieweit sich die Prälithiierung auf die Formierung auswirkt
B5: Unprälithiiert - Ref - 0h Stunden (2 min)
C8: Atmosphäre während der Assemblierung: | G8: O2: <1,0 ppm | H8: O2: <12,0 ppm
B10: df_MH_MA_VV_HZ_Prä_0h_5_1 | D10: 1. Anode: | E10: 0.02447 | F10: g | G10: theoretische Kapazität der Anode: | H10: ='Material - Abmessungen'!E15 -> 6.7149563 | I10: mAh
B11: df_MH_MA_VV_HZ_Prä_0h_5_2 | D11: 2. Anode: | E11: 0.02438 | F11: g | G11: theoretische Kapazität der Anode: | H11: ='Material - Abmessungen'!E15 -> 6.7149563 | I11: mAh
B12: df_MH_MA_VV_HZ_Prä_0h_5_3 | D12: 3. Anode: | E12: 0.02421 | F12: g | G12: theoretische Kapazität der Anode: | H12: ='Material - Abmessungen'!E15 -> 6.7149563 | I12: mAh
D14: Coulombsche Wirkungsgrade:
F15: 1. Zelle | G15: 2. Zelle | H15: 3. Zelle
D16: 1. Laden (CC): | F16: 6.715 | G16: 6.715 | H16: 6.715
D17: 2. Laden (CV): | F17: 0 | G17: 0 | H17: 0
D18: 1. Entladen (CC): | F18: 6.208 | G18: 6.192 | H18: 6.193 | M18: Standardabweichung
D19: Coulombscher Wirkungsgrad: | F19: =F18/(F16+F17) -> 0.92449739 | G19: =G18/(G16+G17) -> 0.92211467 | H19: =H18/(H16+H17) -> 0.92226359 | J19: Durchschnittlicher ICE: | K19: =(F19+G19+H19)/3 -> 0.92295855 | M19: =_xlfn.STDEV.S(F19,G19,H19) -> 0.001334756
D21: 3. Laden (CC): | F21: 6.715 | G21: 6.715 | H21: 6.715
D22: 4. Laden (CV): | F22: 0 | G22: 0 | H22: 0
D23: 2. Entladen (CC): | F23: 6.618 | G23: 6.618 | H23: 6.62 | M23: Standardabweichung
D24: Coulombscher Wirkungsgrad: | F24: =F23/(F21+F22) -> 0.98555473 | G24: =G23/(G21+G22) -> 0.98555473 | H24: =H23/(H21+H22) -> 0.98585257 | J24: Durchschnittlicher ICE: | K24: =(F24+G24+H24)/3 -> 0.98565401 | M24: =_xlfn.STDEV.S(F24,G24,H24) -> 0.00017195838

Sheet Halbzelle - 10µm - EIS
B2: Halbzellen zur Untersuchung der Veränderung des internen Zellwiderstandes zur PEIS-Messungen über einen Zeitraum von 336 Stunden (10 µm) bei einer Temperatur von 25°C
B5: Prälithiiert - 10µm - PEIS-Messungen mittels der BioLogic (VSP-3e)
B6: Atmosphäre während der Prälithiierung: | C6: O2: <2 ppm | D6: H2O: <2 ppm
C8: Atmosphäre während der Assemblierung: | G8: O2: <1,0 ppm | H8: O2: <12,0 ppm
B10: df_MH_MA_VV_HZ_EIS_10µm_3,8mAh_1 | D10: 1. Anode: | E10: 0.02573 | F10: g
B11: df_MH_MA_VV_HZ_EIS_10µm_3,8mAh_2 | D11: 2. Anode: | E11: 0.02566 | F11: g | G11: Nicht verwendet, da die Zelle früher gestoppt wurde
B12: df_MH_MA_VV_HZ_EIS_10µm_3,8mAh_3 | D12: 3. Anode: | E12: 0.02561 | F12: g
B13: df_MH_MA_VV_HZ_EIS_10µm_3,8mAh_4 | D13: 4. Anode | E13: 0.02549 | F13: g

Sheet Halbzelle - 5µm - EIS
B2: Halbzellen zur Untersuchung der Veränderung des internen Zellwiderstandes zur PEIS-Messungen über einen Zeitraum von 336 Stunden (5 µm) bei einer Temperatur von 25°C
B5: Prälithiiert - 5µm - PEIS-Messungen mittels der BioLogic (VSP-3e)
B6: Atmosphäre während der Prälithiierung: | C6: O2: <2 ppm | D6: H2O: <2 ppm
C8: Atmosphäre während der Assemblierung: | G8: O2: <1,0 ppm | H8: O2: <12,0 ppm
B10: df_MH_MA_VV_HZ_EIS_5µm_3,8mAh_1 | D10: 1. Anode: | E10: 0.02529 | F10: g
B11: df_MH_MA_VV_HZ_EIS_5µm_3,8mAh_2 | D11: 2. Anode: | E11: 0.02513 | F11: g | G11: Nicht verwendet weil diese Zelle früher gestoppt wurde
B12: df_MH_MA_VV_HZ_EIS_5µm_3,8mAh_3 | D12: 3. Anode: | E12: 0.02529 | F12: g
B13: df_MH_MA_VV_HZ_EIS_5µm_3,8mAh_4 | D13: 4. Anode | E13: 0.02529 | F13: g

Sheet Halbzelle - 10µm - 35°C - EIS
B2: Halbzellen zur Untersuchung der Veränderung des internen Zellwiderstandes zur PEIS-Messungen über einen Zeitraum von 300 Stunden (10 µm) bei einer Temperatur von 35°C
B5: Prälithiiert - 10µm - PEIS-Messungen mittels der BioLogic (VSP-3e) bei einer erhöhten Temperatur von 35°C
B6: Atmosphäre während der Prälithiierung: | C6: O2: <2 ppm | D6: H2O: <2 ppm
C8: Atmosphäre während der Assemblierung: | G8: O2: <1,0 ppm | H8: O2: <12,0 ppm
B10: df_MH_MA_VV_HZ_EIS_10µm_3,8mAh_35°C_1 | D10: 1. Anode: | E10: 0.0249 | F10: g
B11: df_MH_MA_VV_HZ_EIS_10µm_3,8mAh_35°C_2 | D11: 2. Anode: | E11: 0.0248 | F11: g
B12: df_MH_MA_VV_HZ_EIS_10µm_3,8mAh_35°C_3 | D12: 3. Anode: | E12: 0.025 | F12: g
B13: df_MH_MA_VV_HZ_EIS_10µm_3,8mAh_35°C_4 | D13: 4. Anode | E13: 0.0248 | F13: g

Sheet Halbzelle - Ref - EIS
B2: Unprälithiierte Referenzhalbzellen zur Untersuchung der Veränderung des internen Zellwiderstandes zur PEIS-Messungen über einen Zeitraum von 336 Stunden bei einer Temperatur von 25°C
B5: Unprälithiiert - PEIS-Messungen mittels der BioLogic (VSP-3e) bei einer gängigen Temperatur von 25°C
C8: Atmosphäre während der Assemblierung: | G8: O2: <1,0 ppm | H8: O2: <12,0 ppm
B10: df_MH_MA_VV_HZ_EIS_Ref_Unpräli_3,8mAh_1 | D10: 1. Anode: | E10: 0.0238 | F10: g
B11: df_MH_MA_VV_HZ_EIS_Ref_Unpräli_3,8mAh_2 | D11: 2. Anode: | E11: 0.0237 | F11: g
B12: df_MH_MA_VV_HZ_EIS_Ref_Unpräli_3,8mAh_3 | D12: 3. Anode: | E12: 0.0238 | F12: g
B13: df_MH_MA_VV_HZ_EIS_Ref_Unpräli_3,8mAh_4 | D13: 4. Anode | E13: 0.0237 | F13: g

Sheet Vollzellen - 10µm - EIS
B2: Untersuchung der Veränderung des zellinternen Widerstandes prälithiierter (10µm) Vollzellen bei einer gängigen Temperatur von 25°C
B5: Prälithiiert - 10µm - PEIS-Messungen mittels der BioLogic (BCS-910) bei einer gängigen Temperatur von 25°C
B6: Atmosphäre während der Prälithiierung: | C6: O2: <2 ppm | D6: H2O: <2 ppm
C8: Atmosphäre während der Assemblierung: | G8: O2: 1,0 ppm | H8: O2: <1,0 ppm
B10: 2026-01-02_19-42-21_df_MA_Hüesker_df_MH_MA_VZ_3.8_SiG_NCA_1_C.1 | D10: 1. Anode: | E10: 0.025 | F10: g | G10: 1. Kathode: | H10: 0.0366 | I10: g
B11: 2026-01-02_19-42-21_df_MA_Hüesker_df_MH_MA_VZ_3.8_SiG_NCA_2.1_C.2 | D11: 2. Anode: | E11: 0.0249 | F11: g | G11: 2. Kathode: | H11: 0.0368 | I11: g
B12: 2026-01-02_19-42-21_df_MA_Hüesker_df_MH_MA_VZ_3.8_SiG_NCA_3_C.3 | D12: 3. Anode: | E12: 0.0252 | F12: g | G12: 3. Kathode: | H12: 0.036 | I12: g
B13: 2026-01-02_19-42-21_df_MA_Hüesker_df_MH_MA_VZ_3.8_SiG_NCA_4_C.4 | D13: 4.Anode: | E13: 0.0251 | F13: g | G13: 4. Kathode: | H13: 0.0363 | I13: g

Sheet Vollzellen - 5µm - EIS
B2: Untersuchung der Veränderung des zellinternen Widerstandes prälithiierter (5µm) Vollzellen bei einer gängigen Temperatur von 25°C
B5: Prälithiiert - 5µm - PEIS-Messungen mittels der BioLogic (BCS-910) bei einer gängigen Temperatur von 25°C
B6: Atmosphäre während der Prälithiierung: | C6: O2: <2 ppm | D6: H2O: <2 ppm
C8: Atmosphäre während der Assemblierung: | G8: O2: 1,0 ppm | H8: O2: <1,0 ppm
B10: 2026-01-02_19-42-21_df_MA_Hüesker_df_MH_MA_VZ_3.8_5µm_SiG_NCA_3_C.7 | D10: 1. Anode: | E10: 0.0242 | F10: g | G10: 1. Kathode: | H10: 0.0367 | I10: g
B11: 2026-01-02_19-42-21_df_MA_Hüesker_df_MH_MA_VZ_3.8_5µm_SiG_NCA_4_C.8 | D11: 2. Anode: | E11: 0.0246 | F11: g | G11: 2. Kathode: | H11: 0.037 | I11: g
B12: 2026-01-02_19-42-21_df_MA_Hüesker_df_MH_MA_VZ_3.8_5µm_SiG_NCA_5_C.5 | D12: 3. Anode: | E12: 0.0247 | F12: g | G12: 3. Kathode: | H12: 0.0372 | I12: g
B13: 2026-01-02_19-42-21_df_MA_Hüesker_df_MH_MA_VZ_3.8_5µm_SiG_NCA_6_C.6 | D13: 4.Anode: | E13: 0.0246 | F13: g | G13: 4. Kathode: | H13: 0.0374 | I13: g

Sheet Halbzelle - 5µm - 35°C - EIS
B2: Halbzellen zur Untersuchung der Veränderung des internen Zellwiderstandes zur PEIS-Messungen über einen Zeitraum von 300 Stunden (5 µm) bei einer Temperatur von 35°C
B5: Prälithiiert - 5µm - PEIS-Messungen mittels der BioLogic (VSP-3e) bei einer erhöhten Temperatur von 35°C
B6: Atmosphäre während der Prälithiierung: | C6: O2: <2 ppm | D6: H2O: <2 ppm
C8: Atmosphäre während der Assemblierung: | G8: O2: <1,0 ppm | H8: O2: <12,0 ppm
B10: df_MH_MA_VV_HZ_EIS_5µm_3,8mAh_35°C_1 | D10: 1. Anode: | E10: 0.0246 | F10: g
B11: df_MH_MA_VV_HZ_EIS_5µm_3,8mAh_35°C_2 | D11: 2. Anode: | E11: 0.0245 | F11: g
B12: df_MH_MA_VV_HZ_EIS_5µm_3,8mAh_35°C_3 | D12: 3. Anode: | E12: 0.0243 | F12: g
B13: df_MH_MA_VV_HZ_EIS_5µm_3,8mAh_35°C_4 | D13: 4. Anode | E13: 0.0246 | F13: g

Sheet Vollzelle - 5µm (CR2032) - For
B2: Prälithiierte Vollzellen (5µm) die den Vollfaktoriellen Versuchsplan des Prälithiierungsgrades in Abhängigkeit der Prälithiierungsdauer untersuchen
B5: Prälithiiert - 5µm - 1h Stunden
B6: Atmosphäre während der Prälithiierung: | C6: O2: <2 ppm | D6: H2O: <2 ppm
C8: Atmosphäre während der Assemblierung: | G8: O2: <1,0 ppm | H8: O2: <1,0 ppm
B10: df_MH_MA_VZ_3,8_5µm_1h_1 | D10: 1. Anode: | E10: 0.0249 | F10: g | G10: 1. Kathode: | H10: 0.036 | I10: g | J10: berechnete/theoretische Zellkapazität: | K10: =(H10*1000-'Material - Abmessungen'!E25)*'Material - Abmessungen'!E20*0.96 -> 5.2863871 | L10: mAh | M10: Kapazität nach der Formierung: | N10: 4.951 | O10: mAh | P10: N:P-Verhältnis: | Q10: =((E10*1000-'Material - Abmessungen'!E17-('Material - Abmessungen'!E51*1000))*'Material - Abmessungen'!E10*0.697)/K10 -> 3.6822867 | R10: Lithiierung der Anode: | S10: =Q10^(-1) -> 0.27157038
B11: df_MH_MA_VZ_3,8_5µm_1h_2 | D11: 2. Anode: | E11: 0.0248 | F11: g | G11: 2. Kathode: | H11: 0.036 | I11: g | J11: berechnete/theoretische Zellkapazität: | K11: =(H11*1000-'Material - Abmessungen'!E25)*'Material - Abmessungen'!E20*0.96 -> 5.2863871 | L11: mAh | M11: Kapazität nach der Formierung: | N11: 4.9236 | O11: mAh | P11: N:P-Verhältnis: | Q11: =((E11*1000-'Material - Abmessungen'!E17-('Material - Abmessungen'!E51*1000))*'Material - Abmessungen'!E10*0.697)/K11 -> 3.6350983 | R11: Lithiierung der Anode: | S11: =Q11^(-1) -> 0.27509573
B12: df_MH_MA_VZ_3,8_5µm_1h_3 | D12: 3. Anode: | E12: 0.0248 | F12: g | G12: 3. Kathode: | H12: 0.0362 | I12: g | J12: berechnete/theoretische Zellkapazität: | K12: =(H12*1000-'Material - Abmessungen'!E25)*'Material - Abmessungen'!E20*0.96 -> 5.3219071 | L12: mAh | M12: Kapazität nach der Formierung: | N12: 4.9381 | O12: mAh | P12: N:P-Verhältnis: | Q12: =((E12*1000-'Material - Abmessungen'!E17-('Material - Abmessungen'!E51*1000))*'Material - Abmessungen'!E10*0.697)/K12 -> 3.6108365 | R12: Lithiierung der Anode: | S12: =Q12^(-1) -> 0.27694413
B13: df_MH_MA_VZ_3,8_5µm_1h_4 | D13: 4.Anode: | E13: 0.0249 | F13: g | G13: 4. Kathode: | H13: 0.0362 | I13: g | J13: berechnete/theoretische Zellkapazität: | K13: =(H13*1000-'Material - Abmessungen'!E25)*'Material - Abmessungen'!E20*0.96 -> 5.3219071 | L13: mAh | M13: Kapazität nach der Formierung: | N13: 4.9613 | O13: mAh | P13: N:P-Verhältnis: | Q13: =((E13*1000-'Material - Abmessungen'!E17-('Material - Abmessungen'!E51*1000))*'Material - Abmessungen'!E10*0.697)/K13 -> 3.65771 | R13: Lithiierung der Anode: | S13: =Q13^(-1) -> 0.2733951
D15: Coulombsche Wirkungsgrade:
F16: 1. Zelle | G16: 2. Zelle | H16: 3. Zelle | I16: 4. Zelle
D17: 1. Laden (CC): | F17: 6.1211 | G17: 6.13 | H17: 6.0794 | I17: 6.109
D18: 2. Laden (CV): | F18: 0.1043 | G18: 0.1013 | H18: 0.1013 | I18: 0.1008
D19: 1. Entladen (CC): | F19: 4.9809 | G19: 4.9543 | H19: 4.9616 | I19: 4.9851 | M19: Standardabweichung
D20: Coulombscher Wirkungsgrad: | F20: =F19/(F17+F18) -> 0.80009317 | G20: =G19/(G17+G18) -> 0.79506684 | H20: =H19/(H17+H18) -> 0.80275697 | I20: =I19/(I17+I18) -> 0.80277948 | J20: Durchschnittlicher ICE: | K20: =(F20+G20+H20+I20)/4 -> 0.80017411 | M20: =_xlfn.STDEV.S(F20,G20,H20,I20) -> 0.0036308797
D22: 3. Laden (CC): | F22: 4.9294 | G22: 4.9038 | H22: 4.9148 | I22: 4.9395
D23: 4. Laden (CV): | F23: 0.0943 | G23: 0.094 | H23: 0.0894 | I23: 0.0897
D24: 2. Entladen (CC): | F24: 4.951 | G24: 4.9236 | H24: 4.9381 | I24: 4.9613 | M24: Standardabweichung
D25: Coulombscher Wirkungsgrad: | F25: =F24/(F22+F23) -> 0.98552859 | G25: =G24/(G22+G23) -> 0.98515347 | H25: =H24/(H22+H23) -> 0.9867911 | I25: =I24/(I22+I23) -> 0.98649885 | J25: Durchschnittlicher ICE: | K25: =(F25+G25+H25+I25)/4 -> 0.985993 | M25: =_xlfn.STDEV.S(F25,G25,H25,I25) -> 0.00077745838
B28: Prälithiiert - 5µm - 24h Stunden
B29: Atmosphäre während der Prälithiierung: | C29: O2: <2 ppm | D29: H2O: <2 ppm
C31: Atmosphäre während der Assemblierung: | G31: O2: <1,0 ppm | H31: O2: <1,0 ppm
B33: df_MH_MA_VZ_3,8_5µm_24h_1 | D33: 1. Anode: | E33: 0.0248 | F33: g | G33: 1. Kathode: | H33: 0.0366 | I33: g | J33: berechnete/theoretische Zellkapazität: | K33: =(H33*1000-'Material - Abmessungen'!E25)*'Material - Abmessungen'!E20*0.96 -> 5.3929471 | L33: mAh | M33: Kapazität nach der Formierung: | N33: 4.9497 | O33: mAh | P33: N:P-Verhältnis: | Q33: =((E33*1000-'Material - Abmessungen'!E17-('Material - Abmessungen'!E51*1000))*'Material - Abmessungen'!E10*0.697)/K33 -> 3.5632719 | R33: Lithiierung der Anode: | S33: =Q33^(-1) -> 0.28064095
B34: df_MH_MA_VZ_3,8_5µm_24h_2 | D34: 2. Anode: | E34: 0.0249 | F34: g | G34: 2. Kathode: | H34: 0.0376 | I34: g | J34: berechnete/theoretische Zellkapazität: | K34: =(H34*1000-'Material - Abmessungen'!E25)*'Material - Abmessungen'!E20*0.96 -> 5.5705471 | L34: mAh | M34: Kapazität nach der Formierung: | N34: 4.8948 | O34: mAh | P34: N:P-Verhältnis: | Q34: =((E34*1000-'Material - Abmessungen'!E17-('Material - Abmessungen'!E51*1000))*'Material - Abmessungen'!E10*0.697)/K34 -> 3.494449 | R34: Lithiierung der Anode: | S34: =Q34^(-1) -> 0.28616815
B35: df_MH_MA_VZ_3,8_5µm_24h_3 | D35: 3. Anode: | E35: 0.0249 | F35: g | G35: 3. Kathode: | H35: 0.0363 | I35: g | J35: berechnete/theoretische Zellkapazität: | K35: =(H35*1000-'Material - Abmessungen'!E25)*'Material - Abmessungen'!E20*0.96 -> 5.3396671 | L35: mAh | M35: Kapazität nach der Formierung: | N35: 5.004 | O35: mAh | P35: N:P-Verhältnis: | Q35: =((E35*1000-'Material - Abmessungen'!E17-('Material - Abmessungen'!E51*1000))*'Material - Abmessungen'!E10*0.697)/K35 -> 3.6455443 | R35: Lithiierung der Anode: | S35: =Q35^(-1) -> 0.27430746
B36: df_MH_MA_VZ_3,8_5µm_24h_4 | D36: 4.Anode: | E36: 0.0247 | F36: g | G36: 4. Kathode: | H36: 0.036 | I36: g | J36: berechnete/theoretische Zellkapazität: | K36: =(H36*1000-'Material - Abmessungen'!E25)*'Material - Abmessungen'!E20*0.96 -> 5.2863871 | L36: mAh | M36: Kapazität nach der Formierung: | N36: 4.9321 | O36: mAh | P36: N:P-Verhältnis: | Q36: =((E36*1000-'Material - Abmessungen'!E17-('Material - Abmessungen'!E51*1000))*'Material - Abmessungen'!E10*0.697)/K36 -> 3.5879098 | R36: Lithiierung der Anode: | S36: =Q36^(-1) -> 0.2787138 | T36: Diese Zelle wurde beim Reparieren des Coincellrechners frühzeitig gestoppt. Aus diesem Grund wird sie auch nicht für die Betrachtung der Formierung herangezogen
D38: Coulombsche Wirkungsgrade:
F39: 1. Zelle | G39: 2. Zelle | H39: 3. Zelle | I39: 4. Zelle
D40: 1. Laden (CC): | F40: 6.1379 | G40: 6.1102 | H40: 6.1765 | I40: 6.1157
D41: 2. Laden (CV): | F41: 0.1265 | G41: 0.1263 | H41: 0.103 | I41: 0.1036
D42: 1. Entladen (CC): | F42: 4.9675 | G42: 4.9181 | H42: 5.0241 | I42: 4.9584 | M42: Standardabweichung
D43: Coulombscher Wirkungsgrad: | F43: =F42/(F40+F41) -> 0.79297299 | G43: =G42/(G40+G41) -> 0.78859937 | H43: =H42/(H40+H41) -> 0.80007962 | I43: =I42/(I40+I41) -> 0.79726014 | J43: Durchschnittlicher ICE: | K43: =(F43+G43+H43)/3 -> 0.793884 | M43: =_xlfn.STDEV.S(F43,G43,H43) -> 0.0057940902
D45: 3. Laden (CC): | F45: 4.9096 | G45: 4.8546 | H45: 4.9784 | I45: 4.9095
D46: 4. Laden (CV): | F46: 0.1063 | G46: 0.1095 | H46: 0.0888 | I46: 0.0923
D47: 2. Entladen (CC): | F47: 4.9497 | G47: 4.8948 | H47: 5.004 | I47: 4.9321 | M47: Standardabweichung
D48: Coulombscher Wirkungsgrad: | F48: =F47/(F45+F46) -> 0.98680197 | G48: =G47/(G45+G46) -> 0.98603977 | H48: =H47/(H45+H46) -> 0.98752763 | I48: =I47/(I45+I46) -> 0.98606502 | J48: Durchschnittlicher ICE: | K48: =(F48+G48+H48)/3 -> 0.98678979 | M48: =_xlfn.STDEV.S(F48,G48,H48) -> 0.00074400638
B51: Prälithiiert - 5µm - 48h Stunden
B52: Atmosphäre während der Prälithiierung: | C52: O2: <2 ppm | D52: H2O: <2 ppm
C54: Atmosphäre während der Assemblierung: | G54: O2: <1,0 ppm | H54: O2: <1,0 ppm
B56: df_MH_MA_VZ_3,8_5µm_48h_1 | D56: 1. Anode: | E56: 0.0249 | F56: g | G56: 1. Kathode: | H56: 0.0368 | I56: g | J56: berechnete/theoretische Zellkapazität: | K56: =(H56*1000-'Material - Abmessungen'!E25)*'Material - Abmessungen'!E20*0.96 -> 5.4284671 | L56: mAh | M56: Kapazität nach der Formierung: | N56: 4.8959 | O56: mAh | P56: N:P-Verhältnis: | Q56: =((E56*1000-'Material - Abmessungen'!E17-('Material - Abmessungen'!E51*1000))*'Material - Abmessungen'!E10*0.697)/K56 -> 3.5859097 | R56: Lithiierung der Anode: | S56: =Q56^(-1) -> 0.27886926
B57: df_MH_MA_VZ_3,8_5µm_48h_2 | D57: 2. Anode: | E57: 0.0246 | F57: g | G57: 2. Kathode: | H57: 0.0371 | I57: g | J57: berechnete/theoretische Zellkapazität: | K57: =(H57*1000-'Material - Abmessungen'!E25)*'Material - Abmessungen'!E20*0.96 -> 5.4817471 | L57: mAh | M57: Kapazität nach der Formierung: | N57: 4.9616 | O57: mAh | P57: N:P-Verhältnis: | Q57: =((E57*1000-'Material - Abmessungen'!E17-('Material - Abmessungen'!E51*1000))*'Material - Abmessungen'!E10*0.697)/K57 -> 3.4145362 | R57: Lithiierung der Anode: | S57: =Q57^(-1) -> 0.29286554
B58: df_MH_MA_VZ_3,8_5µm_48h_3 | D58: 3. Anode: | E58: 0.0249 | F58: g | G58: 3. Kathode: | H58: 0.0367 | I58: g | J58: berechnete/theoretische Zellkapazität: | K58: =(H58*1000-'Material - Abmessungen'!E25)*'Material - Abmessungen'!E20*0.96 -> 5.4107071 | L58: mAh | M58: Kapazität nach der Formierung: | N58: 5.025 | O58: mAh | P58: N:P-Verhältnis: | Q58: =((E58*1000-'Material - Abmessungen'!E17-('Material - Abmessungen'!E51*1000))*'Material - Abmessungen'!E10*0.697)/K58 -> 3.59768 | R58: Lithiierung der Anode: | S58: =Q58^(-1) -> 0.2779569
B59: df_MH_MA_VZ_3,8_5µm_48h_4 | D59: 4.Anode: | E59: 0.0247 | F59: g | G59: 4. Kathode: | H59: 0.0361 | I59: g | J59: berechnete/theoretische Zellkapazität: | K59: =(H59*1000-'Material - Abmessungen'!E25)*'Material - Abmessungen'!E20*0.96 -> 5.3041471 | L59: mAh | M59: Kapazität nach der Formierung: | N59: 4.9257 | O59: mAh | P59: N:P-Verhältnis: | Q59: =((E59*1000-'Material - Abmessungen'!E17-('Material - Abmessungen'!E51*1000))*'Material - Abmessungen'!E10*0.697)/K59 -> 3.5758964 | R59: Lithiierung der Anode: | S59: =Q59^(-1) -> 0.27965016
D61: Coulombsche Wirkungsgrade:
F62: 1. Zelle | G62: 2. Zelle | H62: 3. Zelle | I62: 4. Zelle
D63: 1. Laden (CC): | F63: 6.1079 | G63: 6.1251 | H63: 6.1881 | I63: 6.0892
D64: 2. Laden (CV): | F64: 0.1288 | G64: 0.1316 | H64: 0.1034 | I64: 0.1038
D65: 1. Entladen (CC): | F65: 4.9163 | G65: 4.9708 | H65: 5.0414 | I65: 4.9466 | M65: Standardabweichung
D66: Coulombscher Wirkungsgrad: | F66: =F65/(F63+F64) -> 0.78828547 | G66: =G65/(G63+G64) -> 0.79447632 | H66: =H65/(H63+H64) -> 0.80130335 | I66: =I65/(I63+I64) -> 0.79874051 | J66: Durchschnittlicher ICE: | K66: =(F66+G66+H66+I66)/4 -> 0.79570141 | M66: =_xlfn.STDEV.S(F66,G66,H66,I66) -> 0.0056896052
D68: 3. Laden (CC): | F68: 4.855 | G68: 4.9172 | H68: 4.9969 | I68: 4.8978
D69: 4. Laden (CV): | F69: 0.1084 | G69: 0.1037 | H69: 0.0881 | I69: 0.0915
D70: 2. Entladen (CC): | F70: 4.8959 | G70: 4.9616 | H70: 5.025 | I70: 4.9257 | M70: Standardabweichung
D71: Coulombscher Wirkungsgrad: | F71: =F70/(F68+F69) -> 0.98640045 | G71: =G70/(G68+G69) -> 0.98818937 | H71: =H70/(H68+H69) -> 0.98820059 | I71: =I70/(I68+I69) -> 0.98725272 | J71: Durchschnittlicher ICE: | K71: =(F71+G71+H71+I71)/4 -> 0.98751078 | M71: =_xlfn.STDEV.S(F71,G71,H71,I71) -> 0.00086327756
B74: Prälithiiert - 5µm - 168h Stunden
B75: Atmosphäre während der Prälithiierung: | C75: O2: <2 ppm | D75: H2O: <2 ppm
C77: Atmosphäre während der Assemblierung: | G77: O2: <1,0 ppm | H77: O2: <1,0 ppm
B79: df_MH_MA_VZ_3,8_5µm_168h_1 | D79: 1. Anode: | E79: 0.0245 | F79: g | G79: 1. Kathode: | H79: 0.0368 | I79: g | J79: berechnete/theoretische Zellkapazität: | K79: =(H79*1000-'Material - Abmessungen'!E25)*'Material - Abmessungen'!E20*0.96 -> 5.4284671 | L79: mAh | M79: Kapazität nach der Formierung: | N79: 5.0154 | O79: mAh | P79: N:P-Verhältnis: | Q79: =((E79*1000-'Material - Abmessungen'!E17)*'Material - Abmessungen'!E10*0.697)/K79 -> 3.6189107 | R79: Lithiierung der Anode: | S79: =Q79^(-1) -> 0.27632625
B80: df_MH_MA_VZ_3,8_5µm_168h_2 | D80: 2. Anode: | E80: 0.0244 | F80: g | G80: 2. Kathode: | H80: 0.0371 | I80: g | J80: berechnete/theoretische Zellkapazität: | K80: =(H80*1000-'Material - Abmessungen'!E25)*'Material - Abmessungen'!E20*0.96 -> 5.4817471 | L80: mAh | M80: Kapazität nach der Formierung: | N80: 4.9966 | O80: mAh | P80: N:P-Verhältnis: | Q80: =((E80*1000-'Material - Abmessungen'!E17)*'Material - Abmessungen'!E10*0.697)/K80 -> 3.5382299 | R80: Lithiierung der Anode: | S80: =Q80^(-1) -> 0.2826272
B81: df_MH_MA_VZ_3,8_5µm_168h_3 | D81: 3. Anode: | E81: 0.0249 | F81: g | G81: 3. Kathode: | H81: 0.0377 | I81: g | J81: berechnete/theoretische Zellkapazität: | K81: =(H81*1000-'Material - Abmessungen'!E25)*'Material - Abmessungen'!E20*0.96 -> 5.5883071 | L81: mAh | M81: Kapazität nach der Formierung: | N81: 5.1737 | O81: mAh | P81: N:P-Verhältnis: | Q81: =((E81*1000-'Material - Abmessungen'!E17)*'Material - Abmessungen'!E10*0.697)/K81 -> 3.6939564 | R81: Lithiierung der Anode: | S81: =Q81^(-1) -> 0.27071245
B82: df_MH_MA_VZ_3,8_5µm_168h_4 | D82: 4.Anode: | E82: 0.0248 | F82: g | G82: 4. Kathode: | H82: 0.0374 | I82: g | J82: berechnete/theoretische Zellkapazität: | K82: =(H82*1000-'Material - Abmessungen'!E25)*'Material - Abmessungen'!E20*0.96 -> 5.5350271 | L82: mAh | M82: Kapazität nach der Formierung: | N82: 5.1247 | O82: mAh | P82: N:P-Verhältnis: | Q82: =((E82*1000-'Material - Abmessungen'!E17)*'Material - Abmessungen'!E10*0.697)/K82 -> 3.6844456 | R82: Lithiierung der Anode: | S82: =Q82^(-1) -> 0.27141125
B83: df_MH_MA_VZ_3,8_5µm_168h_5 | D83: 5.Anode: | E83: 0.0248 | F83: g | G83: 5.Kathode: | H83: 0.0364 | I83: g | J83: berechnete/theoretische Zellkapazität: | K83: =(H83*1000-'Material - Abmessungen'!E25)*'Material - Abmessungen'!E20*0.96 -> 5.3574271 | L83: mAh | M83: Kapazität nach der Formierung: | N83: 4.9511 | O83: mAh | P83: N:P-Verhältnis: | Q83: =((E83*1000-'Material - Abmessungen'!E17)*'Material - Abmessungen'!E10*0.697)/K83 -> 3.8065859 | R83: Lithiierung der Anode: | S83: =Q83^(-1) -> 0.2627026
B84: df_MH_MA_VZ_3,8_5µm_168h_6 | D84: 6.Anode: | E84: 0.0248 | F84: g | G84: 6.Kathode: | H84: 0.0363 | I84: g | J84: berechnete/theoretische Zellkapazität: | K84: =(H84*1000-'Material - Abmessungen'!E25)*'Material - Abmessungen'!E20*0.96 -> 5.3396671 | L84: mAh | M84: Kapazität nach der Formierung: | N84: 5.0223 | O84: mAh | P84: N:P-Verhältnis: | Q84: =((E84*1000-'Material - Abmessungen'!E17)*'Material - Abmessungen'!E10*0.697)/K84 -> 3.8192468 | R84: Lithiierung der Anode: | S84: =Q84^(-1) -> 0.26183173
D86: Coulombsche Wirkungsgrade:
F87: 1. Zelle | G87: 2. Zelle | H87: 3. Zelle | I87: 4. Zelle | J87: 5. Zelle | K87: 6.Zelle
D88: 1. Laden (CC): | F88: 6.16559 | G88: 6.15602 | H88: 6.36406 | I88: 6.3046 | J88: 6.11256 | K88: 6.16482
D89: 2. Laden (CV): | F89: 0.10302 | G89: 0.10145 | H89: 0.10741 | I89: 0.111 | J89: 0.10345 | K89: 0.10249
D90: 1. Entladen (CC): | F90: 5.02594 | G90: 5.01012 | H90: 5.18287 | I90: 5.12949 | J90: 4.96588 | K90: 5.0315 | O90: Standardabweichung
D91: Coulombscher Wirkungsgrad: | F91: =F90/(F88+F89) -> 0.80176307 | G91: =G90/(G88+G89) -> 0.80066225 | H91: =H90/(H88+H89) -> 0.80087986 | I91: =I90/(I88+I89) -> 0.79953395 | J91: =J90/(J88+J89) -> 0.79888546 | K91: =K90/(K88+K89) -> 0.80281652 | L91: Durchschnittlicher ICE: | M91: =(F91+G91+H91+I91+J91+K91)/6 -> 0.80075685 | O91: =_xlfn.STDEV.S(F91,G91,H91,I91,J91,K91) -> 0.0014336242
D93: 3. Laden (CC): | F93: 4.98353 | G93: 4.96646 | H93: 5.13909 | I93: 5.08479 | J93: 4.91828 | K93: 4.99009
D94: 4. Laden (CV): | F94: 0.08629 | G94: 0.08556 | H94: 0.0884 | I94: 0.09152 | J94: 0.08816 | K94: 0.08453
D95: 2. Entladen (CC): | F95: 5.01536 | G95: 4.99659 | H95: 5.17366 | I95: 5.12464 | J95: 4.95111 | K95: 5.02234 | O95: Standardabweichung
D96: Coulombscher Wirkungsgrad: | F96: =F95/(F93+F94) -> 0.989258 | G96: =G95/(G93+G94) -> 0.98902815 | H96: =H95/(H93+H94) -> 0.98970251 | I96: =I95/(I93+I94) -> 0.99001799 | J96: =J95/(J93+J94) -> 0.98894823 | K96: =K95/(K93+K94) -> 0.98969775 | L96: Durchschnittlicher ICE: | M96: =(F96+G96+H96+I96+J96+K96)/6 -> 0.98944211 | O96: =_xlfn.STDEV.S(F96,G96,H96,I96,J96,K96) -> 0.00042754338

Sheet Vollzelle - Referenzzelle
B2: Unprälithiierte Referenzvollzellen die den Vollfaktoriellen Versuchsplan des Prälithiierungsgrades in Abhängigkeit der Prälithiierungsdauer untersuchen
B3: Diese sollen Bezug geben, inwieweit die Zellperformance durch die Direktkontakt-Prälithiierung verbessert werden kann
C5: Atmosphäre während der Assemblierung: | G5: O2: <1,0 ppm | H5: O2: <1,0 ppm
B7: df_MH_MA_VZ_3,8_Ref_1h_5 | D7: 1. Anode: | E7: 0.0242 | F7: g | G7: 1. Kathode: | H7: 0.0373 | I7: g | J7: berechnete/theoretische Zellkapazität: | K7: =(H7*1000-'Material - Abmessungen'!E25)*'Material - Abmessungen'!E20*0.96 -> 5.5172671 | L7: mAh | M7: Kapazität nach der Formierung: | N7: 4.7469 | O7: mAh | P7: N:P-Verhältnis: | Q7: =((E7*1000-'Material - Abmessungen'!E17)*'Material - Abmessungen'!E10*0.697)/K7 -> 3.4250234 | R7: Lithiierung der Anode: | S7: =Q7^(-1) -> 0.29196881
B8: df_MH_MA_VZ_3,8_Ref_1h_6 | D8: 2. Anode: | E8: 0.0242 | F8: g | G8: 2. Kathode: | H8: 0.0374 | I8: g | J8: berechnete/theoretische Zellkapazität: | K8: =(H8*1000-'Material - Abmessungen'!E25)*'Material - Abmessungen'!E20*0.96 -> 5.5350271 | L8: mAh | M8: Kapazität nach der Formierung: | N8: 4.7322 | O8: mAh | P8: N:P-Verhältnis: | Q8: =((E8*1000-'Material - Abmessungen'!E17)*'Material - Abmessungen'!E10*0.697)/K8 -> 3.4140336 | R8: Lithiierung der Anode: | S8: =Q8^(-1) -> 0.29290866
B9: df_MH_MA_VZ_3,8_Ref_1h_7 | D9: 3. Anode: | E9: 0.0242 | F9: g | G9: 3. Kathode: | H9: 0.0369 | I9: g | J9: berechnete/theoretische Zellkapazität: | K9: =(H9*1000-'Material - Abmessungen'!E25)*'Material - Abmessungen'!E20*0.96 -> 5.4462271 | L9: mAh | M9: Kapazität nach der Formierung: | N9: 4.5829 | O9: mAh | P9: N:P-Verhältnis: | Q9: =((E9*1000-'Material - Abmessungen'!E17)*'Material - Abmessungen'!E10*0.697)/K9 -> 3.469699 | R9: Lithiierung der Anode: | S9: =Q9^(-1) -> 0.28820944
B10: df_MH_MA_VZ_3,8_Ref_1h_8 | D10: 4.Anode: | E10: 0.0243 | F10: g | G10: 4. Kathode: | H10: 0.037 | I10: g | J10: berechnete/theoretische Zellkapazität: | K10: =(H10*1000-'Material - Abmessungen'!E25)*'Material - Abmessungen'!E20*0.96 -> 5.4639871 | L10: mAh | M10: Kapazität nach der Formierung: | N10: 4.6842 | O10: mAh | P10: N:P-Verhältnis: | Q10: =((E10*1000-'Material - Abmessungen'!E17)*'Material - Abmessungen'!E10*0.697)/K10 -> 3.5040758 | R10: Lithiierung der Anode: | S10: =Q10^(-1) -> 0.28538195
D12: Coulombsche Wirkungsgrade:
F13: 1. Zelle | G13: 2. Zelle | H13: 3. Zelle | I13: 4. Zelle
D14: 1. Laden (CC): | F14: 6.352 | G14: 6.3147 | H14: 6.138 | I14: 6.266
D15: 2. Laden (CV): | F15: 0.1096 | G15: 0.1081 | H15: 0.1055 | I15: 0.1078
D16: 1. Entladen (CC): | F16: 4.8021 | G16: 4.7863 | H16: 4.6355 | I16: 4.7388 | M16: Standardabweichung
D17: Coulombscher Wirkungsgrad: | F17: =F16/(F14+F15) -> 0.74317506 | G17: =G16/(G14+G15) -> 0.74520458 | H17: =H16/(H14+H15) -> 0.74245215 | I17: =I16/(I14+I15) -> 0.74348113 | J17: Durchschnittlicher ICE: | K17: =(F17+G17+H17+I17)/4 -> 0.74357823 | M17: =_xlfn.STDEV.S(F17,G17,H17,I17) -> 0.0011669123
D19: 3. Laden (CC): | F19: 4.7673 | G19: 4.7505 | H19: 4.5993 | I19: 4.7028
D20: 4. Laden (CV): | F20: 0.08879 | G20: 0.0881 | H20: 0.0882 | I20: 0.0886
D21: 2. Entladen (CC): | F21: 4.7469 | G21: 4.7322 | H21: 4.5829 | I21: 4.6842 | M21: Standardabweichung
D22: Coulombscher Wirkungsgrad: | F22: =F21/(F19+F20) -> 0.97751483 | G22: =G21/(G19+G20) -> 0.97801017 | H22: =H21/(H19+H20) -> 0.97768533 | I22: =I21/(I19+I20) -> 0.97762658 | J22: Durchschnittlicher ICE: | K22: =(F22+G22+H22+I22)/4 -> 0.97770923 | M22: =_xlfn.STDEV.S(F22,G22,H22,I22) -> 0.00021272546

Sheet Vollzelle - 10µm - 35°C
B2: Prälithiierte Vollzellen (10µm) die den Einfluss einer erhöhten Prälithiierungstemepratur (35°C) während der Prälithiierungsdauer und der Formierung untersuchen
B5: Prälithiiert - 10µm - 48h Stunden - 35°C
B6: Atmosphäre während der Prälithiierung: | C6: O2: <2 ppm | D6: H2O: <2 ppm
C8: Atmosphäre während der Assemblierung: | G8: O2: <1,0 ppm | H8: O2: <1,0 ppm
B10: df_MH_MA_VZ_3,8_10µm_48h_35°C_1 | D10: 1. Anode: | E10: 0.0252 | F10: g | G10: 1. Kathode: | H10: 0.0373 | I10: g | J10: berechnete/theoretische Zellkapazität: | K10: =(H10*1000-'Material - Abmessungen'!E25)*'Material - Abmessungen'!E20*0.96 -> 5.5172671 | L10: mAh | M10: Kapazität nach der Formierung: | N10: 5.5206 | O10: mAh | P10: N:P-Verhältnis: | Q10: =((E10*1000-'Material - Abmessungen'!E17-('Material - Abmessungen'!E49*1000))*'Material - Abmessungen'!E10*0.697)/K10 -> 3.4505112 | R10: Lithiierung der Anode: | S10: =Q10^(-1) -> 0.28981213
B11: df_MH_MA_VZ_3,8_10µm_48h_35°C_2 | D11: 2. Anode: | E11: 0.0253 | F11: g | G11: 2. Kathode: | H11: 0.0371 | I11: g | J11: berechnete/theoretische Zellkapazität: | K11: =(H11*1000-'Material - Abmessungen'!E25)*'Material - Abmessungen'!E20*0.96 -> 5.4817471 | L11: mAh | M11: Kapazität nach der Formierung: | N11: 5.462 | O11: mAh | P11: N:P-Verhältnis: | Q11: =((E11*1000-'Material - Abmessungen'!E17-('Material - Abmessungen'!E49*1000))*'Material - Abmessungen'!E10*0.697)/K11 -> 3.5183762 | R11: Lithiierung der Anode: | S11: =Q11^(-1) -> 0.28422203
B12: df_MH_MA_VZ_3,8_10µm_48h_35°C_3 | D12: 3. Anode: | E12: 0.0252 | F12: g | G12: 3. Kathode: | H12: 0.0376 | I12: g | J12: berechnete/theoretische Zellkapazität: | K12: =(H12*1000-'Material - Abmessungen'!E25)*'Material - Abmessungen'!E20*0.96 -> 5.5705471 | L12: mAh | M12: Kapazität nach der Formierung: | N12: 5.5758 | O12: mAh | P12: N:P-Verhältnis: | Q12: =((E12*1000-'Material - Abmessungen'!E17-('Material - Abmessungen'!E49*1000))*'Material - Abmessungen'!E10*0.697)/K12 -> 3.4175085 | R12: Lithiierung der Anode: | S12: =Q12^(-1) -> 0.29261083
B13: df_MH_MA_VZ_3,8_10µm_48h_35°C_4 | D13: 4.Anode: | E13: 0.0252 | F13: g | G13: 4. Kathode: | H13: 0.0374 | I13: g | J13: berechnete/theoretische Zellkapazität: | K13: =(H13*1000-'Material - Abmessungen'!E25)*'Material - Abmessungen'!E20*0.96 -> 5.5350271 | L13: mAh | M13: Kapazität nach der Formierung: | N13: 5.4869 | O13: mAh | P13: N:P-Verhältnis: | Q13: =((E13*1000-'Material - Abmessungen'!E17-('Material - Abmessungen'!E49*1000))*'Material - Abmessungen'!E10*0.697)/K13 -> 3.4394397 | R13: Lithiierung der Anode: | S13: =Q13^(-1) -> 0.29074503
B14: df_MH_MA_VZ_3,8_10µm_48h_35°C_5 | D14: 5.Anode: | E14: 0.0253 | F14: g | G14: 5.Kathode: | H14: 0.0374 | I14: g | J14: berechnete/theoretische Zellkapazität: | K14: =(H14*1000-'Material - Abmessungen'!E25)*'Material - Abmessungen'!E20*0.96 -> 5.5350271 | L14: mAh | M14: Kapazität nach der Formierung: | N14: 5.572 | O14: mAh | P14: N:P-Verhältnis: | Q14: =((E14*1000-'Material - Abmessungen'!E17-('Material - Abmessungen'!E49*1000))*'Material - Abmessungen'!E10*0.697)/K14 -> 3.4845084 | R14: Lithiierung der Anode: | S14: =Q14^(-1) -> 0.28698453
B15: df_MH_MA_VZ_3,8_10µm_48h_35°C_6 | D15: 6.Anode: | E15: 0.0252 | F15: g | G15: 6.Kathode: | H15: 0.0375 | I15: g | J15: berechnete/theoretische Zellkapazität: | K15: =(H15*1000-'Material - Abmessungen'!E25)*'Material - Abmessungen'!E20*0.96 -> 5.5527871 | L15: mAh | M15: Kapazität nach der Formierung: | N15: 5.5726 | O15: mAh | P15: N:P-Verhältnis: | Q15: =((E15*1000-'Material - Abmessungen'!E17-('Material - Abmessungen'!E49*1000))*'Material - Abmessungen'!E10*0.697)/K15 -> 3.428439 | R15: Lithiierung der Anode: | S15: =Q15^(-1) -> 0.29167793
D17: Coulombsche Wirkungsgrade:
F18: 1. Zelle | G18: 2. Zelle | H18: 3. Zelle | I18: 4. Zelle | J18: 5. Zelle | K18: 6.Zelle
D19: 1. Laden (CC): | F19: 6.41254 | G19: 6.28729 | H19: 6.39454 | I19: 6.30121 | J19: 6.3471 | K19: 6.38706
D20: 2. Laden (CV): | F20: 0.09318 | G20: 0.09788 | H20: 0.09361 | I20: 0.09552 | J20: 0.094 | K20: 0.09589
D21: 1. Entladen (CC): | F21: 5.52882 | G21: 5.46751 | H21: 5.57418 | I21: 5.48871 | J21: 5.56261 | K21: 5.5743 | O21: Standardabweichung
D22: Coulombscher Wirkungsgrad: | F22: =F21/(F19+F20) -> 0.84983983 | G22: =G21/(G19+G20) -> 0.8562826 | H22: =H21/(H19+H20) -> 0.85913242 | I22: =I21/(I19+I20) -> 0.85804935 | J22: =J21/(J19+J20) -> 0.86361181 | K22: =K21/(K19+K20) -> 0.85984004 | L22: Durchschnittlicher ICE: | M22: =(F22+G22+H22+I22+J22+K22)/6 -> 0.85779268 | O22: =_xlfn.STDEV.S(F22,G22,H22,I22,J22,K22) -> 0.0045922279
D24: 3. Laden (CC): | F24: 5.49869 | G24: 5.43476 | H24: 5.54782 | I24: 5.46022 | J24: 5.53491 | K24: 5.54375
D25: 4. Laden (CV): | F25: 0.08408 | G25: 0.08496 | H25: 0.08217 | I25: 0.08291 | J25: 0.0818 | K25: 0.08409
D26: 2. Entladen (CC): | F26: 5.5206 | G26: 5.462 | H26: 5.57578 | I26: 5.48688 | J26: 5.57198 | K26: 5.57264 | O26: Standardabweichung
D27: Coulombscher Wirkungsgrad: | F27: =F26/(F24+F25) -> 0.98886395 | G27: =G26/(G24+G25) -> 0.98954295 | H27: =H26/(H24+H25) -> 0.99037121 | I27: =I26/(I24+I25) -> 0.9898523 | J27: =J26/(J24+J25) -> 0.99203626 | K27: =K26/(K24+K25) -> 0.99019162 | L27: Durchschnittlicher ICE: | M27: =(F27+G27+H27+I27+J27+K27)/6 -> 0.99014305 | O27: =_xlfn.STDEV.S(F27,G27,H27,I27,J27,K27) -> 0.0010695253

Sheet Vollzelle - 5µm - 35°C
B2: Prälithiierte Vollzellen (5µm) die den Einfluss einer erhöhten Prälithiierungstemepratur (35°C) während der Prälithiierungsdauer und der Formierung untersuchen
B5: Prälithiiert - 5µm - 48h Stunden - 35°C
B6: Atmosphäre während der Prälithiierung: | C6: O2: <2 ppm | D6: H2O: <2 ppm
C8: Atmosphäre während der Assemblierung: | G8: O2: <1,0 ppm | H8: O2: <1,0 ppm
B10: df_MH_MA_VZ_3,8_5µm_48h_35°C_1 | D10: 1. Anode: | E10: 0.0248 | F10: g | G10: 1. Kathode: | H10: 0.0372 | I10: g | J10: berechnete/theoretische Zellkapazität: | K10: =(H10*1000-'Material - Abmessungen'!E25)*'Material - Abmessungen'!E20*0.96 -> 5.4995071 | L10: mAh | M10: Kapazität nach der Formierung: | N10: 5.3414 | O10: mAh | P10: N:P-Verhältnis: | Q10: =((E10*1000-'Material - Abmessungen'!E17-('Material - Abmessungen'!E51*1000))*'Material - Abmessungen'!E10*0.697)/K10 -> 3.4942289 | R10: Lithiierung der Anode: | S10: =Q10^(-1) -> 0.28618617
B11: df_MH_MA_VZ_3,8_5µm_48h_35°C_2 | D11: 2. Anode: | E11: 0.0248 | F11: g | G11: 2. Kathode: | H11: 0.0378 | I11: g | J11: berechnete/theoretische Zellkapazität: | K11: =(H11*1000-'Material - Abmessungen'!E25)*'Material - Abmessungen'!E20*0.96 -> 5.6060671 | L11: mAh | M11: Kapazität nach der Formierung: | N11: 5.452 | O11: mAh | P11: N:P-Verhältnis: | Q11: =((E11*1000-'Material - Abmessungen'!E17-('Material - Abmessungen'!E51*1000))*'Material - Abmessungen'!E10*0.697)/K11 -> 3.4278107 | R11: Lithiierung der Anode: | S11: =Q11^(-1) -> 0.2917314
B12: df_MH_MA_VZ_3,8_5µm_48h_35°C_3 | D12: 3. Anode: | E12: 0.0249 | F12: g | G12: 3. Kathode: | H12: 0.0386 | I12: g | J12: berechnete/theoretische Zellkapazität: | K12: =(H12*1000-'Material - Abmessungen'!E25)*'Material - Abmessungen'!E20*0.96 -> 5.7481471 | L12: mAh | M12: Kapazität nach der Formierung: | N12: 5.452 | O12: mAh | P12: N:P-Verhältnis: | Q12: =((E12*1000-'Material - Abmessungen'!E17-('Material - Abmessungen'!E51*1000))*'Material - Abmessungen'!E10*0.697)/K12 -> 3.3864813 | R12: Lithiierung der Anode: | S12: =Q12^(-1) -> 0.29529175
B13: df_MH_MA_VZ_3,8_5µm_48h_35°C_4 | D13: 4. Anode: | E13: 0.0249 | F13: g | G13: 4. Kathode: | H13: 0.0383 | I13: g | J13: berechnete/theoretische Zellkapazität: | K13: =(H13*1000-'Material - Abmessungen'!E25)*'Material - Abmessungen'!E20*0.96 -> 5.6948671 | L13: mAh | M13: Kapazität nach der Formierung: | N13: 5.5056 | O13: mAh | P13: N:P-Verhältnis: | Q13: =((E13*1000-'Material - Abmessungen'!E17-('Material - Abmessungen'!E51*1000))*'Material - Abmessungen'!E10*0.697)/K13 -> 3.4181646 | R13: Lithiierung der Anode: | S13: =Q13^(-1) -> 0.29255467
B14: df_MH_MA_VZ_3,8_5µm_48h_35°C_5 | D14: 5. Anode: | E14: 0.0249 | F14: g | G14: 5.Kathode: | H14: 0.0379 | I14: g | J14: berechnete/theoretische Zellkapazität: | K14: =(H14*1000-'Material - Abmessungen'!E25)*'Material - Abmessungen'!E20*0.96 -> 5.6238271 | L14: mAh | M14: Kapazität nach der Formierung: | N14: 5.4171 | O14: mAh | P14: N:P-Verhältnis: | Q14: =((E14*1000-'Material - Abmessungen'!E17-('Material - Abmessungen'!E51*1000))*'Material - Abmessungen'!E10*0.697)/K14 -> 3.4613427 | R14: Lithiierung der Anode: | S14: =Q14^(-1) -> 0.28890523
B15: df_MH_MA_VZ_3,8_5µm_48h_35°C_6 | D15: 6. Anode: | E15: 0.025 | F15: g | G15: 6.Kathode: | H15: 0.0381 | I15: g | J15: berechnete/theoretische Zellkapazität: | K15: =(H15*1000-'Material - Abmessungen'!E25)*'Material - Abmessungen'!E20*0.96 -> 5.6593471 | L15: mAh | M15: Kapazität nach der Formierung: | N15: 5.4834 | O15: mAh | P15: N:P-Verhältnis: | Q15: =((E15*1000-'Material - Abmessungen'!E17-('Material - Abmessungen'!E51*1000))*'Material - Abmessungen'!E10*0.697)/K15 -> 3.4836968 | R15: Lithiierung der Anode: | S15: =Q15^(-1) -> 0.28705139
D17: Coulombsche Wirkungsgrade:
F18: 1. Zelle | G18: 2. Zelle | H18: 3. Zelle | I18: 4. Zelle | J18: 5. Zelle | K18: 6.Zelle
D19: 1. Laden (CC): | F19: 6.31042 | G19: 6.42757 | H19: 6.47261 | I19: 6.51522 | J19: 6.42795 | K19: 6.52325
D20: 2. Laden (CV): | F20: 0.09458 | G20: 0.09512 | H20: 0.09957 | I20: 0.09869 | J20: 0.09509 | K20: 0.09379
D21: 1. Entladen (CC): | F21: 5.38553 | G21: 5.49461 | H21: 5.50072 | I21: 5.55128 | J21: 5.46295 | K21: 5.53021 | O21: Standardabweichung
D22: Coulombscher Wirkungsgrad: | F22: =F21/(F19+F20) -> 0.84083216 | G22: =G21/(G19+G20) -> 0.84238405 | H22: =H21/(H19+H20) -> 0.83697038 | I22: =I21/(I19+I20) -> 0.83933407 | J22: =J21/(J19+J20) -> 0.83748528 | K22: =K21/(K19+K20) -> 0.83575284 | L22: Durchschnittlicher ICE: | M22: =(F22+G22+H22+I22+J22+K22)/6 -> 0.83879313 | O22: =_xlfn.STDEV.S(F22,G22,H22,I22,J22,K22) -> 0.002514803
D24: 3. Laden (CC): | F24: 5.35893 | G24: 5.4669 | H24: 5.47122 | I24: 5.52297 | J24: 5.43647 | K24: 5.50603
D25: 4. Laden (CV): | F25: 0.08099 | G25: 0.08238 | H25: 0.08249 | I25: 0.08321 | J25: 0.08164 | K25: 0.08048
D26: 2. Entladen (CC): | F26: 5.34137 | G26: 5.45199 | H26: 5.45196 | I26: 5.50558 | J26: 5.41711 | K26: 5.48335 | O26: Standardabweichung
D27: Coulombscher Wirkungsgrad: | F27: =F26/(F24+F25) -> 0.98188392 | G27: =G26/(G24+G25) -> 0.982468 | H27: =H26/(H24+H25) -> 0.98167891 | I27: =I26/(I24+I25) -> 0.98205552 | J27: =J26/(J24+J25) -> 0.98169663 | K27: =K26/(K24+K25) -> 0.98153409 | L27: Durchschnittlicher ICE: | M27: =(F27+G27+H27+I27+J27+K27)/6 -> 0.98188618 | O27: =_xlfn.STDEV.S(F27,G27,H27,I27,J27,K27) -> 0.00033765257

Sheet Material - Abmessungen
B2: Anodematerial (Si/G): | C2: CLM0001 | D2: Si: 69,7 % | E2: C: 19,9 % | F2: Super-C65: 2,0 % | G2: LiPAA: 8,2 % | H2: CMC: 0,2 %
B3: Kathodenmaterial (NAC): | C3: Excel TUM | D3: NCA-7051-b: 96% | E3: - | F3: Super-C65: 2,0 % | G3: PVDF: 2,0 %
B5: Spezifische Kapazität:
C6: Anode (Si/G):
D7: spezifische Flächenkapazität: | E7: 12.49 | F7: mAh/cm2
D8: Genutze Anodenkapazität: | E8: 3.8 | F8: mAh/cm2
D9: Genutze Lithiierungsgrad: | E9: =E8/E7*100 -> 30.424339 | F9: %
D10: spezifische Massenkapazität: | E10: 3.579 | F10: mAh/mg
D11: spezifische genutze Massenkapazität: | E11: =E10*(E9/100) -> 1.0888871 | F11: mAh/mg
D12: Dichte Kupferarbleiter: | E12: 8.96 | F12: g/cm3
D13: Durchmesser Anode: | E13: 15 | F13: mm
D14: Fläche Anode (CR2032): | E14: =((E13^2)/4)*3.1415/100 -> 1.7670938 | F14: cm2
D15: Theoretische Kapazität der Anode: | E15: =E8*E14 -> 6.7149563 | F15: mAh
D16: Dicke Kupferableiter: | E16: 10.5 | F16: µm
D17: Masse Kupferableiter: | E17: =(E16/10000)*E14*E12*1000 -> 16.624818 | F17: mg
C18: Kathode (NAC):
D19: spezifische Flächenkapazität: | E19: 3.8 | F19: mAh/cm2
D20: spezifische Massenkapazität: | E20: 0.185 | F20: mAh/mg
D21: Dichte Aluminiumableiter: | E21: 2.7 | F21: g/cm3
D22: Durchmesser Kathode | E22: 14 | F22: mm
D23: Fläche Kathode (CR2032): | E23: =((E22^2)/4)*3.1415/100 -> 1.539335 | F23: cm2
D24: Dicke Aluminiumableiter: | E24: 15 | F24: µm
D25: Masse Aluminiumableiter: | E25: =(E24/10000)*E23*E21*1000 -> 6.2343068 | F25: mg
C26: Kathode (NMC811) - Pouch:
D27: spezifische Flächenkapazität: | E27: 3.8 | F27: mAh/cm2
D28: spezifische Massenkapazität: | E28: 0.19 | F28: mAh/mg
D29: Dichte Aluminiumableiter: | E29: 2.7 | F29: g/cm3
D30: Dimensionen Kathode | E30: 30 x 30 | F30: mm
D31: Fläche Al-Kathode (Pouchzelle): | E31: =((30*30)-3*((3*3)-((3.1415*3^2)/4))+(13*10)+((3*3)-((3.1415*3^2)/4)))/100 -> 10.261367 | F31: cm2
D32: Dicke Aluminiumableiter: | E32: 12 | F32: µm
D33: Masse Aluminiumableiter: | E33: =(E32/10000)*E31*E29*1000 -> 33.246831 | F33: mg
C34: Anode (Si/G) - Pouch:
D35: spezifische Flächenkapazität: | E35: 12.49 | F35: mAh/cm2
D36: Genutze Anodenkapazität: | E36: 3.8 | F36: mAh/cm2
D37: Genutze Lithiierungsgrad: | E37: =E36/E35*100 -> 30.424339 | F37: %
D38: spezifische Massenkapazität: | E38: 3.579 | F38: mAh/mg
D39: spezifische genutze Massenkapazität: | E39: =E38*(E37/100) -> 1.0888871 | F39: mAh/mg
D40: Dichte Kupferarbleiter: | E40: 8.96 | F40: g/cm3
D41: Dimensionen Anode: | E41: 33 x 33 | F41: mm
D42: Fläche Anode: | E42: =((33*33)-3*((3*3)-((3.1415*3^2)/4))+(13*10)+((3*3)-((3.1415*3^2)/4)))/100 -> 12.151367 | F42: cm2
D43: Dicke Kupferableiter: | E43: 10.5 | F43: µm
D44: Masse Kupferableiter: | E44: =(E43/10000)*E42*E40*1000 -> 114.32007 | F44: mg
C46: Li-Folie
D47: Dichte Li: | E47: 0.534 | F47: g/cm3
C48: 10µm
D49: Masse Li-Folie (10µm): | E49: =(10/10000)*E14*E47 -> 0.00094362806 | F49: g
C50: 5µm
D51: Masse Li-Folie (5µm): | E51: =(5/10000)*E14*E47 -> 0.00047181403 | F51: g
B55: Halbzelle:
D56: Dicke [mm] | E56: Anzahl | F56: Gesamtdicke [mm]
C57: 1. Unterlegschale | D57: - | E57: 1 | F57: -
C58: 2. Dichtring | D58: - | E58: 1 | F58: -
C59: 3. Unterlegscheibe | D59: 1 | E59: 1 | F59: =D59*E59 -> 1
C60: 4. Lithium-Chips | D60: 0.2 | E60: 2 | F60: =F59+D60*E60 -> 1.4
C61: 5. Separator | D61: 0.1 | E61: 1 | F61: =F60+D61*E61 -> 1.5
C62: 6. Anode (Prälithiiert) | D62: 0.08 | E62: 1 | F62: =F61+D62*E62 -> 1.58
C63: 7. Unterlegscheibe | D63: 0.5 | E63: 1 | F63: =F62+D63*E63 -> 2.08
C64: 8. Feder | D64: - | E64: 1
C65: 9. Oberschale | D65: - | E65: 1
F66: 2,08mm
B68: Vollzelle:
D69: Dicke [mm] | E69: Anzahl | F69: Gesamtdicke [mm]
C70: 1. Unterlegschale | D70: - | E70: 1 | F70: -
C71: 2. Dichtring | D71: - | E71: 1 | F71: -
C72: 3. Unterlegscheibe | D72: 0.3 | E72: 1 | F72: 0.3
C73: 4. Unterlegscheibe | D73: 1 | E73: 1 | F73: =F72+D73*E73 -> 1.3
C74: 5. Anode (Si/G) | D74: 0.06 | E74: 1 | F74: =F73+D74*E74 -> 1.36
C75: 6. Separator | D75: 0.1 | E75: 1 | F75: =F74+D75*E75 -> 1.46
C76: 7. Kathode (NAC) | D76: 0.08 | E76: 1 | F76: =F75+D76*E76 -> 1.54
C77: 8. Unterlegscheibe | D77: 0.5 | E77: 1 | F77: =F76+D77*E77 -> 2.04
C78: 9. Feder | D78: - | E78: 1
C79: 10. Oberschale | D79: - | E79: 1
F80: 2,04mm

Sheet Spez. Kapazität
A1: Gruppe | B1: Zell-ID | C1: Geometrie | D1: Quellblatt | E1: Quellzeile | F1: Anodenmasse [g] | G1: Kathodenmasse gesamt [g] | H1: Al-Ableiter [mg] | I1: Aktivmaterialmasse [g] | J1: Kapazität nach Formierung [mAh] | K1: Spezifische Kapazität [mAh/g] | L1: Theoretische Zellkapazität [mAh]
A2: CR2032 10µm 1h | B2: df_MH_MA_VZ_3,8_10µm_1h_5 | C2: CR2032 | D2: Vollzelle - 10µm(Cr2032) - For | E2: 10 | F2: ='Vollzelle - 10µm(Cr2032) - For'!E10 -> 0.0249 | G2: ='Vollzelle - 10µm(Cr2032) - For'!H10 -> 0.0376 | H2: ='Material - Abmessungen'!$E$25 -> 6.2343068 | I2: =(G2-H2/1000)*0.96 -> 0.030111066 | J2: ='Vollzelle - 10µm(Cr2032) - For'!N10 -> 5.1619 | K2: =J2/I2 -> 171.42867 | L2: ='Vollzelle - 10µm(Cr2032) - For'!K10 -> 5.5705471
A3: CR2032 10µm 1h | B3: df_MH_MA_VZ_3,8_10µm_1h_6 | C3: CR2032 | D3: Vollzelle - 10µm(Cr2032) - For | E3: 11 | F3: ='Vollzelle - 10µm(Cr2032) - For'!E11 -> 0.0249 | G3: ='Vollzelle - 10µm(Cr2032) - For'!H11 -> 0.0368 | H3: ='Material - Abmessungen'!$E$25 -> 6.2343068 | I3: =(G3-H3/1000)*0.96 -> 0.029343066 | J3: ='Vollzelle - 10µm(Cr2032) - For'!N11 -> 4.9853 | K3: =J3/I3 -> 169.89704 | L3: ='Vollzelle - 10µm(Cr2032) - For'!K11 -> 5.4284671
A4: CR2032 10µm 1h | B4: df_MH_MA_VZ_3,8_10µm_1h_9 | C4: CR2032 | D4: Vollzelle - 10µm(Cr2032) - For | E4: 12 | F4: ='Vollzelle - 10µm(Cr2032) - For'!E12 -> 0.0252 | G4: ='Vollzelle - 10µm(Cr2032) - For'!H12 -> 0.0374 | H4: ='Material - Abmessungen'!$E$25 -> 6.2343068 | I4: =(G4-H4/1000)*0.96 -> 0.029919066 | J4: ='Vollzelle - 10µm(Cr2032) - For'!N12 -> 5.1486 | K4: =J4/I4 -> 172.08425 | L4: ='Vollzelle - 10µm(Cr2032) - For'!K12 -> 5.5350271
A5: CR2032 10µm 1h | B5: df_MH_MA_VZ_3,8_10µm_1h_10 | C5: CR2032 | D5: Vollzelle - 10µm(Cr2032) - For | E5: 13 | F5: ='Vollzelle - 10µm(Cr2032) - For'!E13 -> 0.0252 | G5: ='Vollzelle - 10µm(Cr2032) - For'!H13 -> 0.0374 | H5: ='Material - Abmessungen'!$E$25 -> 6.2343068 | I5: =(G5-H5/1000)*0.96 -> 0.029919066 | J5: ='Vollzelle - 10µm(Cr2032) - For'!N13 -> 5.1427 | K5: =J5/I5 -> 171.88705 | L5: ='Vollzelle - 10µm(Cr2032) - For'!K13 -> 5.5350271
A6: CR2032 10µm 1h | B6: df_MH_MA_VZ_3,8_10µm_1h_11 | C6: CR2032 | D6: Vollzelle - 10µm(Cr2032) - For | E6: 14 | F6: ='Vollzelle - 10µm(Cr2032) - For'!E14 -> 0.0252 | G6: ='Vollzelle - 10µm(Cr2032) - For'!H14 -> 0.037 | H6: ='Material - Abmessungen'!$E$25 -> 6.2343068 | I6: =(G6-H6/1000)*0.96 -> 0.029535066 | J6: ='Vollzelle - 10µm(Cr2032) - For'!N14 -> 5.0938 | K6: =J6/I6 -> 172.46618 | L6: ='Vollzelle - 10µm(Cr2032) - For'!K14 -> 5.4639871
A7: CR2032 10µm 1h | B7: df_MH_MA_VZ_3,8_10µm_1h_12 | C7: CR2032 | D7: Vollzelle - 10µm(Cr2032) - For | E7: 15 | F7: ='Vollzelle - 10µm(Cr2032) - For'!E15 -> 0.0251 | G7: ='Vollzelle - 10µm(Cr2032) - For'!H15 -> 0.0371 | H7: ='Material - Abmessungen'!$E$25 -> 6.2343068 | I7: =(G7-H7/1000)*0.96 -> 0.029631066 | J7: ='Vollzelle - 10µm(Cr2032) - For'!N15 -> 5.0602 | K7: =J7/I7 -> 170.77347 | L7: ='Vollzelle - 10µm(Cr2032) - For'!K15 -> 5.4817471
A8: CR2032 10µm 24h | B8: df_MH_MA_VZ_3,8_10µm_24h_1 | C8: CR2032 | D8: Vollzelle - 10µm(Cr2032) - For | E8: 35 | F8: ='Vollzelle - 10µm(Cr2032) - For'!E35 -> 0.0252 | G8: ='Vollzelle - 10µm(Cr2032) - For'!H35 -> 0.0358 | H8: ='Material - Abmessungen'!$E$25 -> 6.2343068 | I8: =(G8-H8/1000)*0.96 -> 0.028383066 | J8: ='Vollzelle - 10µm(Cr2032) - For'!N35 -> 4.8296 | K8: =J8/I8 -> 170.1578 | L8: ='Vollzelle - 10µm(Cr2032) - For'!K35 -> 5.2508671
A9: CR2032 10µm 24h | B9: df_MH_MA_VZ_3,8_10µm_24h_2 | C9: CR2032 | D9: Vollzelle - 10µm(Cr2032) - For | E9: 36 | F9: ='Vollzelle - 10µm(Cr2032) - For'!E36 -> 0.025 | G9: ='Vollzelle - 10µm(Cr2032) - For'!H36 -> 0.0364 | H9: ='Material - Abmessungen'!$E$25 -> 6.2343068 | I9: =(G9-H9/1000)*0.96 -> 0.028959066 | J9: ='Vollzelle - 10µm(Cr2032) - For'!N36 -> 5.068 | K9: =J9/I9 -> 175.00565 | L9: ='Vollzelle - 10µm(Cr2032) - For'!K36 -> 5.3574271
A10: CR2032 10µm 24h | B10: df_MH_MA_VZ_3,8_10µm_24h_3 | C10: CR2032 | D10: Vollzelle - 10µm(Cr2032) - For | E10: 37 | F10: ='Vollzelle - 10µm(Cr2032) - For'!E37 -> 0.0249 | G10: ='Vollzelle - 10µm(Cr2032) - For'!H37 -> 0.0364 | H10: ='Material - Abmessungen'!$E$25 -> 6.2343068 | I10: =(G10-H10/1000)*0.96 -> 0.028959066 | J10: ='Vollzelle - 10µm(Cr2032) - For'!N37 -> 5.0819 | K10: =J10/I10 -> 175.48563 | L10: ='Vollzelle - 10µm(Cr2032) - For'!K37 -> 5.3574271
A11: CR2032 10µm 24h | B11: df_MH_MA_VZ_3,8_10µm_24h_4 | C11: CR2032 | D11: Vollzelle - 10µm(Cr2032) - For | E11: 38 | F11: ='Vollzelle - 10µm(Cr2032) - For'!E38 -> 0.0249 | G11: ='Vollzelle - 10µm(Cr2032) - For'!H38 -> 0.0364 | H11: ='Material - Abmessungen'!$E$25 -> 6.2343068 | I11: =(G11-H11/1000)*0.96 -> 0.028959066 | J11: ='Vollzelle - 10µm(Cr2032) - For'!N38 -> 5.1615 | K11: =J11/I11 -> 178.23434 | L11: ='Vollzelle - 10µm(Cr2032) - For'!K38 -> 5.3574271
A12: CR2032 10µm 48h | B12: df_MH_MA_VZ_3,8_10µm_48h_1 | C12: CR2032 | D12: Vollzelle - 10µm(Cr2032) - For | E12: 58 | F12: ='Vollzelle - 10µm(Cr2032) - For'!E58 -> 0.0251 | G12: ='Vollzelle - 10µm(Cr2032) - For'!H58 -> 0.0367 | H12: ='Material - Abmessungen'!$E$25 -> 6.2343068 | I12: =(G12-H12/1000)*0.96 -> 0.029247066 | J12: ='Vollzelle - 10µm(Cr2032) - For'!N58 -> 5.2711 | K12: =J12/I12 -> 180.22663 | L12: ='Vollzelle - 10µm(Cr2032) - For'!K58 -> 5.4107071
A13: CR2032 10µm 48h | B13: df_MH_MA_VZ_3,8_10µm_48h_2 | C13: CR2032 | D13: Vollzelle - 10µm(Cr2032) - For | E13: 59 | F13: ='Vollzelle - 10µm(Cr2032) - For'!E59 -> 0.0248 | G13: ='Vollzelle - 10µm(Cr2032) - For'!H59 -> 0.0375 | H13: ='Material - Abmessungen'!$E$25 -> 6.2343068 | I13: =(G13-H13/1000)*0.96 -> 0.030015066 | J13: ='Vollzelle - 10µm(Cr2032) - For'!N59 -> 5.352 | K13: =J13/I13 -> 178.31046 | L13: ='Vollzelle - 10µm(Cr2032) - For'!K59 -> 5.5527871
A14: CR2032 10µm 48h | B14: df_MH_MA_VZ_3,8_10µm_48h_3 | C14: CR2032 | D14: Vollzelle - 10µm(Cr2032) - For | E14: 60 | F14: ='Vollzelle - 10µm(Cr2032) - For'!E60 -> 0.0251 | G14: ='Vollzelle - 10µm(Cr2032) - For'!H60 -> 0.0376 | H14: ='Material - Abmessungen'!$E$25 -> 6.2343068 | I14: =(G14-H14/1000)*0.96 -> 0.030111066 | J14: ='Vollzelle - 10µm(Cr2032) - For'!N60 -> 5.3523 | K14: =J14/I14 -> 177.75193 | L14: ='Vollzelle - 10µm(Cr2032) - For'!K60 -> 5.5705471
A15: CR2032 10µm 48h | B15: df_MH_MA_VZ_3,8_10µm_48h_4 | C15: CR2032 | D15: Vollzelle - 10µm(Cr2032) - For | E15: 61 | F15: ='Vollzelle - 10µm(Cr2032) - For'!E61 -> 0.0249 | G15: ='Vollzelle - 10µm(Cr2032) - For'!H61 -> 0.0368 | H15: ='Material - Abmessungen'!$E$25 -> 6.2343068 | I15: =(G15-H15/1000)*0.96 -> 0.029343066 | J15: ='Vollzelle - 10µm(Cr2032) - For'!N61 -> 5.0219 | K15: =J15/I15 -> 171.14435 | L15: ='Vollzelle - 10µm(Cr2032) - For'!K61 -> 5.4284671
A16: CR2032 10µm 168h | B16: df_MH_MA_VZ_3,8_10µm_168h_1 | C16: CR2032 | D16: Vollzelle - 10µm(Cr2032) - For | E16: 81 | F16: ='Vollzelle - 10µm(Cr2032) - For'!E81 -> 0.0253 | G16: ='Vollzelle - 10µm(Cr2032) - For'!H81 -> 0.0362 | H16: ='Material - Abmessungen'!$E$25 -> 6.2343068 | I16: =(G16-H16/1000)*0.96 -> 0.028767066 | J16: ='Vollzelle - 10µm(Cr2032) - For'!N81 -> 5.0625 | K16: =J16/I16 -> 175.9825 | L16: ='Vollzelle - 10µm(Cr2032) - For'!K81 -> 5.3219071
A17: CR2032 10µm 168h | B17: df_MH_MA_VZ_3,8_10µm_168h_2 | C17: CR2032 | D17: Vollzelle - 10µm(Cr2032) - For | E17: 82 | F17: ='Vollzelle - 10µm(Cr2032) - For'!E82 -> 0.0251 | G17: ='Vollzelle - 10µm(Cr2032) - For'!H82 -> 0.0357 | H17: ='Material - Abmessungen'!$E$25 -> 6.2343068 | I17: =(G17-H17/1000)*0.96 -> 0.028287066 | J17: ='Vollzelle - 10µm(Cr2032) - For'!N82 -> 4.9026 | K17: =J17/I17 -> 173.31596 | L17: ='Vollzelle - 10µm(Cr2032) - For'!K82 -> 5.2331071
A18: CR2032 10µm 168h | B18: df_MH_MA_VZ_3,8_10µm_168h_3 | C18: CR2032 | D18: Vollzelle - 10µm(Cr2032) - For | E18: 83 | F18: ='Vollzelle - 10µm(Cr2032) - For'!E83 -> 0.0249 | G18: ='Vollzelle - 10µm(Cr2032) - For'!H83 -> 0.036 | H18: ='Material - Abmessungen'!$E$25 -> 6.2343068 | I18: =(G18-H18/1000)*0.96 -> 0.028575066 | J18: ='Vollzelle - 10µm(Cr2032) - For'!N83 -> 4.9254 | K18: =J18/I18 -> 172.36706 | L18: ='Vollzelle - 10µm(Cr2032) - For'!K83 -> 5.2863871
A19: CR2032 10µm 168h | B19: df_MH_MA_VZ_3,8_10µm_168h_4 | C19: CR2032 | D19: Vollzelle - 10µm(Cr2032) - For | E19: 84 | F19: ='Vollzelle - 10µm(Cr2032) - For'!E84 -> 0.0247 | G19: ='Vollzelle - 10µm(Cr2032) - For'!H84 -> 0.0359 | H19: ='Material - Abmessungen'!$E$25 -> 6.2343068 | I19: =(G19-H19/1000)*0.96 -> 0.028479066 | J19: ='Vollzelle - 10µm(Cr2032) - For'!N84 -> 5.0249 | K19: =J19/I19 -> 176.44188 | L19: ='Vollzelle - 10µm(Cr2032) - For'!K84 -> 5.2686271
A20: CR2032 10µm 168h | B20: df_MH_MA_VZ_3,8_10µm_168h_5 | C20: CR2032 | D20: Vollzelle - 10µm(Cr2032) - For | E20: 85 | F20: ='Vollzelle - 10µm(Cr2032) - For'!E85 -> 0.0252 | G20: ='Vollzelle - 10µm(Cr2032) - For'!H85 -> 0.036 | H20: ='Material - Abmessungen'!$E$25 -> 6.2343068 | I20: =(G20-H20/1000)*0.96 -> 0.028575066 | J20: ='Vollzelle - 10µm(Cr2032) - For'!N85 -> 5.0323 | K20: =J20/I20 -> 176.10808 | L20: ='Vollzelle - 10µm(Cr2032) - For'!K85 -> 5.2863871
A21: CR2032 10µm 168h | B21: df_MH_MA_VZ_3,8_10µm_168h_6 | C21: CR2032 | D21: Vollzelle - 10µm(Cr2032) - For | E21: 86 | F21: ='Vollzelle - 10µm(Cr2032) - For'!E86 -> 0.025 | G21: ='Vollzelle - 10µm(Cr2032) - For'!H86 -> 0.036 | H21: ='Material - Abmessungen'!$E$25 -> 6.2343068 | I21: =(G21-H21/1000)*0.96 -> 0.028575066 | J21: ='Vollzelle - 10µm(Cr2032) - For'!N86 -> 5.0858 | K21: =J21/I21 -> 177.98034 | L21: ='Vollzelle - 10µm(Cr2032) - For'!K86 -> 5.2863871
A22: Pouch Ref 48h | B22: df_MH_VZ_PZ_3,8_Ref_48h_1 | C22: Pouch | D22: Vollzelle - Pouchzelle (10µm) | E22: 10 | F22: ='Vollzelle - Pouchzelle (10µm)'!E10 -> 0.1637 | G22: ='Vollzelle - Pouchzelle (10µm)'!H10 -> 0.1999 | H22: ='Material - Abmessungen'!$E$33 -> 33.246831 | I22: =(G22-H22/1000)*0.96 -> 0.15998704 | J22: ='Vollzelle - Pouchzelle (10µm)'!N10 -> 28.542 | K22: =J22/I22 -> 178.40195 | L22: ='Vollzelle - Pouchzelle (10µm)'!K10 -> 30.397538
A23: Pouch Ref 48h | B23: df_MH_VZ_PZ_3,8_Ref_48h_2 | C23: Pouch | D23: Vollzelle - Pouchzelle (10µm) | E23: 11 | F23: ='Vollzelle - Pouchzelle (10µm)'!E11 -> 0.1602 | G23: ='Vollzelle - Pouchzelle (10µm)'!H11 -> 0.1994 | H23: ='Material - Abmessungen'!$E$33 -> 33.246831 | I23: =(G23-H23/1000)*0.96 -> 0.15950704 | J23: ='Vollzelle - Pouchzelle (10µm)'!N11 -> 28.379 | K23: =J23/I23 -> 177.91691 | L23: ='Vollzelle - Pouchzelle (10µm)'!K11 -> 30.306338
A24: Pouch Ref 48h | B24: df_MH_VZ_PZ_3,8_Ref_48h_3 | C24: Pouch | D24: Vollzelle - Pouchzelle (10µm) | E24: 12 | F24: ='Vollzelle - Pouchzelle (10µm)'!E12 -> 0.1608 | G24: ='Vollzelle - Pouchzelle (10µm)'!H12 -> 0.1999 | H24: ='Material - Abmessungen'!$E$33 -> 33.246831 | I24: =(G24-H24/1000)*0.96 -> 0.15998704 | J24: ='Vollzelle - Pouchzelle (10µm)'!N12 -> 28.529 | K24: =J24/I24 -> 178.32069 | L24: ='Vollzelle - Pouchzelle (10µm)'!K12 -> 30.397538
A25: Pouch 10µm 48h 0b | B25: df_MH_VZ_PZ_3,8_10µm_48h_0b_1 | C25: Pouch | D25: Vollzelle - Pouchzelle (10µm) | E25: 32 | F25: ='Vollzelle - Pouchzelle (10µm)'!E32 -> 0.1587 | G25: ='Vollzelle - Pouchzelle (10µm)'!H32 -> 0.1993 | H25: ='Material - Abmessungen'!$E$33 -> 33.246831 | I25: =(G25-H25/1000)*0.96 -> 0.15941104 | J25: ='Vollzelle - Pouchzelle (10µm)'!N32 -> 29.098 | K25: =J25/I25 -> 182.53441 | L25: ='Vollzelle - Pouchzelle (10µm)'!K32 -> 30.288098
A26: Pouch 10µm 48h 0b | B26: df_MH_VZ_PZ_3,8_10µm_48h_0b_2 | C26: Pouch | D26: Vollzelle - Pouchzelle (10µm) | E26: 33 | F26: ='Vollzelle - Pouchzelle (10µm)'!E33 -> 0.1602 | G26: ='Vollzelle - Pouchzelle (10µm)'!H33 -> 0.1996 | H26: ='Material - Abmessungen'!$E$33 -> 33.246831 | I26: =(G26-H26/1000)*0.96 -> 0.15969904 | J26: ='Vollzelle - Pouchzelle (10µm)'!N33 -> 29.403 | K26: =J26/I26 -> 184.11507 | L26: ='Vollzelle - Pouchzelle (10µm)'!K33 -> 30.342818
A27: Pouch 10µm 48h 1b | B27: df_MH_VZ_PZ_3,8_10µm_48h_1b_1 | C27: Pouch | D27: Vollzelle - Pouchzelle (10µm) | E27: 52 | F27: ='Vollzelle - Pouchzelle (10µm)'!E52 -> 0.1585 | G27: ='Vollzelle - Pouchzelle (10µm)'!H52 -> 0.197 | H27: ='Material - Abmessungen'!$E$33 -> 33.246831 | I27: =(G27-H27/1000)*0.96 -> 0.15720304 | J27: ='Vollzelle - Pouchzelle (10µm)'!N52 -> 32.117 | K27: =J27/I27 -> 204.30266 | L27: ='Vollzelle - Pouchzelle (10µm)'!K52 -> 29.868578
A28: Pouch 10µm 48h 1b | B28: df_MH_VZ_PZ_3,8_10µm_48h_1b_2 | C28: Pouch | D28: Vollzelle - Pouchzelle (10µm) | E28: 53 | F28: ='Vollzelle - Pouchzelle (10µm)'!E53 -> 0.1641 | G28: ='Vollzelle - Pouchzelle (10µm)'!H53 -> 0.1993 | H28: ='Material - Abmessungen'!$E$33 -> 33.246831 | I28: =(G28-H28/1000)*0.96 -> 0.15941104 | J28: ='Vollzelle - Pouchzelle (10µm)'!N53 -> 32.407 | K28: =J28/I28 -> 203.29206 | L28: ='Vollzelle - Pouchzelle (10µm)'!K53 -> 30.288098
A29: Pouch 10µm 48h 2b | B29: df_MH_VZ_PZ_3,8_10µm_48h_2b_1 | C29: Pouch | D29: Vollzelle - Pouchzelle (10µm) | E29: 72 | F29: ='Vollzelle - Pouchzelle (10µm)'!E72 -> 0.1597 | G29: ='Vollzelle - Pouchzelle (10µm)'!H72 -> 0.1985 | H29: ='Material - Abmessungen'!$E$33 -> 33.246831 | I29: =(G29-H29/1000)*0.96 -> 0.15864304 | J29: ='Vollzelle - Pouchzelle (10µm)'!N72 -> 32.371 | K29: =J29/I29 -> 204.04929 | L29: ='Vollzelle - Pouchzelle (10µm)'!K72 -> 30.142178
A30: Pouch 10µm 48h 2b | B30: df_MH_VZ_PZ_3,8_10µm_48h_2b_2 | C30: Pouch | D30: Vollzelle - Pouchzelle (10µm) | E30: 73 | F30: ='Vollzelle - Pouchzelle (10µm)'!E73 -> 0.1581 | G30: ='Vollzelle - Pouchzelle (10µm)'!H73 -> 0.1971 | H30: ='Material - Abmessungen'!$E$33 -> 33.246831 | I30: =(G30-H30/1000)*0.96 -> 0.15729904 | J30: ='Vollzelle - Pouchzelle (10µm)'!N73 -> 31.899 | K30: =J30/I30 -> 202.79208 | L30: ='Vollzelle - Pouchzelle (10µm)'!K73 -> 29.886818
A31: Pouch 10µm 48h 3b | B31: df_MH_VZ_PZ_3,8_10µm_48h_3b_1 | C31: Pouch | D31: Vollzelle - Pouchzelle (10µm) | E31: 92 | F31: ='Vollzelle - Pouchzelle (10µm)'!E92 -> 0.1598 | G31: ='Vollzelle - Pouchzelle (10µm)'!H92 -> 0.1986 | H31: ='Material - Abmessungen'!$E$33 -> 33.246831 | I31: =(G31-H31/1000)*0.96 -> 0.15873904 | J31: ='Vollzelle - Pouchzelle (10µm)'!N92 -> 31.424 | K31: =J31/I31 -> 197.96012 | L31: ='Vollzelle - Pouchzelle (10µm)'!K92 -> 30.160418
A32: Pouch 10µm 48h 3b | B32: df_MH_VZ_PZ_3,8_10µm_48h_3b_2 | C32: Pouch | D32: Vollzelle - Pouchzelle (10µm) | E32: 93 | F32: ='Vollzelle - Pouchzelle (10µm)'!E93 -> 0.1646 | G32: ='Vollzelle - Pouchzelle (10µm)'!H93 -> 0.1994 | H32: ='Material - Abmessungen'!$E$33 -> 33.246831 | I32: =(G32-H32/1000)*0.96 -> 0.15950704 | J32: ='Vollzelle - Pouchzelle (10µm)'!N93 -> 32.505 | K32: =J32/I32 -> 203.78411 | L32: ='Vollzelle - Pouchzelle (10µm)'!K93 -> 30.306338
A33: CR2032 5µm 1h | B33: df_MH_MA_VZ_3,8_5µm_1h_1 | C33: CR2032 | D33: Vollzelle - 5µm (CR2032) - For | E33: 10 | F33: ='Vollzelle - 5µm (CR2032) - For'!E10 -> 0.0249 | G33: ='Vollzelle - 5µm (CR2032) - For'!H10 -> 0.036 | H33: ='Material - Abmessungen'!$E$25 -> 6.2343068 | I33: =(G33-H33/1000)*0.96 -> 0.028575066 | J33: ='Vollzelle - 5µm (CR2032) - For'!N10 -> 4.951 | K33: =J33/I33 -> 173.26294 | L33: ='Vollzelle - 5µm (CR2032) - For'!K10 -> 5.2863871
A34: CR2032 5µm 1h | B34: df_MH_MA_VZ_3,8_5µm_1h_2 | C34: CR2032 | D34: Vollzelle - 5µm (CR2032) - For | E34: 11 | F34: ='Vollzelle - 5µm (CR2032) - For'!E11 -> 0.0248 | G34: ='Vollzelle - 5µm (CR2032) - For'!H11 -> 0.036 | H34: ='Material - Abmessungen'!$E$25 -> 6.2343068 | I34: =(G34-H34/1000)*0.96 -> 0.028575066 | J34: ='Vollzelle - 5µm (CR2032) - For'!N11 -> 4.9236 | K34: =J34/I34 -> 172.30407 | L34: ='Vollzelle - 5µm (CR2032) - For'!K11 -> 5.2863871
A35: CR2032 5µm 1h | B35: df_MH_MA_VZ_3,8_5µm_1h_3 | C35: CR2032 | D35: Vollzelle - 5µm (CR2032) - For | E35: 12 | F35: ='Vollzelle - 5µm (CR2032) - For'!E12 -> 0.0248 | G35: ='Vollzelle - 5µm (CR2032) - For'!H12 -> 0.0362 | H35: ='Material - Abmessungen'!$E$25 -> 6.2343068 | I35: =(G35-H35/1000)*0.96 -> 0.028767066 | J35: ='Vollzelle - 5µm (CR2032) - For'!N12 -> 4.9381 | K35: =J35/I35 -> 171.65811 | L35: ='Vollzelle - 5µm (CR2032) - For'!K12 -> 5.3219071
A36: CR2032 5µm 1h | B36: df_MH_MA_VZ_3,8_5µm_1h_4 | C36: CR2032 | D36: Vollzelle - 5µm (CR2032) - For | E36: 13 | F36: ='Vollzelle - 5µm (CR2032) - For'!E13 -> 0.0249 | G36: ='Vollzelle - 5µm (CR2032) - For'!H13 -> 0.0362 | H36: ='Material - Abmessungen'!$E$25 -> 6.2343068 | I36: =(G36-H36/1000)*0.96 -> 0.028767066 | J36: ='Vollzelle - 5µm (CR2032) - For'!N13 -> 4.9613 | K36: =J36/I36 -> 172.46458 | L36: ='Vollzelle - 5µm (CR2032) - For'!K13 -> 5.3219071
A37: CR2032 5µm 24h | B37: df_MH_MA_VZ_3,8_5µm_24h_1 | C37: CR2032 | D37: Vollzelle - 5µm (CR2032) - For | E37: 33 | F37: ='Vollzelle - 5µm (CR2032) - For'!E33 -> 0.0248 | G37: ='Vollzelle - 5µm (CR2032) - For'!H33 -> 0.0366 | H37: ='Material - Abmessungen'!$E$25 -> 6.2343068 | I37: =(G37-H37/1000)*0.96 -> 0.029151066 | J37: ='Vollzelle - 5µm (CR2032) - For'!N33 -> 4.9497 | K37: =J37/I37 -> 169.79482 | L37: ='Vollzelle - 5µm (CR2032) - For'!K33 -> 5.3929471
A38: CR2032 5µm 24h | B38: df_MH_MA_VZ_3,8_5µm_24h_2 | C38: CR2032 | D38: Vollzelle - 5µm (CR2032) - For | E38: 34 | F38: ='Vollzelle - 5µm (CR2032) - For'!E34 -> 0.0249 | G38: ='Vollzelle - 5µm (CR2032) - For'!H34 -> 0.0376 | H38: ='Material - Abmessungen'!$E$25 -> 6.2343068 | I38: =(G38-H38/1000)*0.96 -> 0.030111066 | J38: ='Vollzelle - 5µm (CR2032) - For'!N34 -> 4.8948 | K38: =J38/I38 -> 162.55818 | L38: ='Vollzelle - 5µm (CR2032) - For'!K34 -> 5.5705471
A39: CR2032 5µm 24h | B39: df_MH_MA_VZ_3,8_5µm_24h_3 | C39: CR2032 | D39: Vollzelle - 5µm (CR2032) - For | E39: 35 | F39: ='Vollzelle - 5µm (CR2032) - For'!E35 -> 0.0249 | G39: ='Vollzelle - 5µm (CR2032) - For'!H35 -> 0.0363 | H39: ='Material - Abmessungen'!$E$25 -> 6.2343068 | I39: =(G39-H39/1000)*0.96 -> 0.028863066 | J39: ='Vollzelle - 5µm (CR2032) - For'!N35 -> 5.004 | K39: =J39/I39 -> 173.37036 | L39: ='Vollzelle - 5µm (CR2032) - For'!K35 -> 5.3396671
A40: CR2032 5µm 24h | B40: df_MH_MA_VZ_3,8_5µm_24h_4 | C40: CR2032 | D40: Vollzelle - 5µm (CR2032) - For | E40: 36 | F40: ='Vollzelle - 5µm (CR2032) - For'!E36 -> 0.0247 | G40: ='Vollzelle - 5µm (CR2032) - For'!H36 -> 0.036 | H40: ='Material - Abmessungen'!$E$25 -> 6.2343068 | I40: =(G40-H40/1000)*0.96 -> 0.028575066 | J40: ='Vollzelle - 5µm (CR2032) - For'!N36 -> 4.9321 | K40: =J40/I40 -> 172.60153 | L40: ='Vollzelle - 5µm (CR2032) - For'!K36 -> 5.2863871
A41: CR2032 5µm 48h | B41: df_MH_MA_VZ_3,8_5µm_48h_1 | C41: CR2032 | D41: Vollzelle - 5µm (CR2032) - For | E41: 56 | F41: ='Vollzelle - 5µm (CR2032) - For'!E56 -> 0.0249 | G41: ='Vollzelle - 5µm (CR2032) - For'!H56 -> 0.0368 | H41: ='Material - Abmessungen'!$E$25 -> 6.2343068 | I41: =(G41-H41/1000)*0.96 -> 0.029343066 | J41: ='Vollzelle - 5µm (CR2032) - For'!N56 -> 4.8959 | K41: =J41/I41 -> 166.85032 | L41: ='Vollzelle - 5µm (CR2032) - For'!K56 -> 5.4284671
A42: CR2032 5µm 48h | B42: df_MH_MA_VZ_3,8_5µm_48h_2 | C42: CR2032 | D42: Vollzelle - 5µm (CR2032) - For | E42: 57 | F42: ='Vollzelle - 5µm (CR2032) - For'!E57 -> 0.0246 | G42: ='Vollzelle - 5µm (CR2032) - For'!H57 -> 0.0371 | H42: ='Material - Abmessungen'!$E$25 -> 6.2343068 | I42: =(G42-H42/1000)*0.96 -> 0.029631066 | J42: ='Vollzelle - 5µm (CR2032) - For'!N57 -> 4.9616 | K42: =J42/I42 -> 167.44589 | L42: ='Vollzelle - 5µm (CR2032) - For'!K57 -> 5.4817471
A43: CR2032 5µm 48h | B43: df_MH_MA_VZ_3,8_5µm_48h_3 | C43: CR2032 | D43: Vollzelle - 5µm (CR2032) - For | E43: 58 | F43: ='Vollzelle - 5µm (CR2032) - For'!E58 -> 0.0249 | G43: ='Vollzelle - 5µm (CR2032) - For'!H58 -> 0.0367 | H43: ='Material - Abmessungen'!$E$25 -> 6.2343068 | I43: =(G43-H43/1000)*0.96 -> 0.029247066 | J43: ='Vollzelle - 5µm (CR2032) - For'!N58 -> 5.025 | K43: =J43/I43 -> 171.81211 | L43: ='Vollzelle - 5µm (CR2032) - For'!K58 -> 5.4107071
A44: CR2032 5µm 48h | B44: df_MH_MA_VZ_3,8_5µm_48h_4 | C44: CR2032 | D44: Vollzelle - 5µm (CR2032) - For | E44: 59 | F44: ='Vollzelle - 5µm (CR2032) - For'!E59 -> 0.0247 | G44: ='Vollzelle - 5µm (CR2032) - For'!H59 -> 0.0361 | H44: ='Material - Abmessungen'!$E$25 -> 6.2343068 | I44: =(G44-H44/1000)*0.96 -> 0.028671066 | J44: ='Vollzelle - 5µm (CR2032) - For'!N59 -> 4.9257 | K44: =J44/I44 -> 171.80038 | L44: ='Vollzelle - 5µm (CR2032) - For'!K59 -> 5.3041471
A45: CR2032 5µm 168h | B45: df_MH_MA_VZ_3,8_5µm_168h_1 | C45: CR2032 | D45: Vollzelle - 5µm (CR2032) - For | E45: 79 | F45: ='Vollzelle - 5µm (CR2032) - For'!E79 -> 0.0245 | G45: ='Vollzelle - 5µm (CR2032) - For'!H79 -> 0.0368 | H45: ='Material - Abmessungen'!$E$25 -> 6.2343068 | I45: =(G45-H45/1000)*0.96 -> 0.029343066 | J45: ='Vollzelle - 5µm (CR2032) - For'!N79 -> 5.0154 | K45: =J45/I45 -> 170.92284 | L45: ='Vollzelle - 5µm (CR2032) - For'!K79 -> 5.4284671
A46: CR2032 5µm 168h | B46: df_MH_MA_VZ_3,8_5µm_168h_2 | C46: CR2032 | D46: Vollzelle - 5µm (CR2032) - For | E46: 80 | F46: ='Vollzelle - 5µm (CR2032) - For'!E80 -> 0.0244 | G46: ='Vollzelle - 5µm (CR2032) - For'!H80 -> 0.0371 | H46: ='Material - Abmessungen'!$E$25 -> 6.2343068 | I46: =(G46-H46/1000)*0.96 -> 0.029631066 | J46: ='Vollzelle - 5µm (CR2032) - For'!N80 -> 4.9966 | K46: =J46/I46 -> 168.62708 | L46: ='Vollzelle - 5µm (CR2032) - For'!K80 -> 5.4817471
A47: CR2032 5µm 168h | B47: df_MH_MA_VZ_3,8_5µm_168h_3 | C47: CR2032 | D47: Vollzelle - 5µm (CR2032) - For | E47: 81 | F47: ='Vollzelle - 5µm (CR2032) - For'!E81 -> 0.0249 | G47: ='Vollzelle - 5µm (CR2032) - For'!H81 -> 0.0377 | H47: ='Material - Abmessungen'!$E$25 -> 6.2343068 | I47: =(G47-H47/1000)*0.96 -> 0.030207066 | J47: ='Vollzelle - 5µm (CR2032) - For'!N81 -> 5.1737 | K47: =J47/I47 -> 171.2745 | L47: ='Vollzelle - 5µm (CR2032) - For'!K81 -> 5.5883071
A48: CR2032 5µm 168h | B48: df_MH_MA_VZ_3,8_5µm_168h_4 | C48: CR2032 | D48: Vollzelle - 5µm (CR2032) - For | E48: 82 | F48: ='Vollzelle - 5µm (CR2032) - For'!E82 -> 0.0248 | G48: ='Vollzelle - 5µm (CR2032) - For'!H82 -> 0.0374 | H48: ='Material - Abmessungen'!$E$25 -> 6.2343068 | I48: =(G48-H48/1000)*0.96 -> 0.029919066 | J48: ='Vollzelle - 5µm (CR2032) - For'!N82 -> 5.1247 | K48: =J48/I48 -> 171.28543 | L48: ='Vollzelle - 5µm (CR2032) - For'!K82 -> 5.5350271
A49: CR2032 5µm 168h | B49: df_MH_MA_VZ_3,8_5µm_168h_5 | C49: CR2032 | D49: Vollzelle - 5µm (CR2032) - For | E49: 83 | F49: ='Vollzelle - 5µm (CR2032) - For'!E83 -> 0.0248 | G49: ='Vollzelle - 5µm (CR2032) - For'!H83 -> 0.0364 | H49: ='Material - Abmessungen'!$E$25 -> 6.2343068 | I49: =(G49-H49/1000)*0.96 -> 0.028959066 | J49: ='Vollzelle - 5µm (CR2032) - For'!N83 -> 4.9511 | K49: =J49/I49 -> 170.96891 | L49: ='Vollzelle - 5µm (CR2032) - For'!K83 -> 5.3574271
A50: CR2032 5µm 168h | B50: df_MH_MA_VZ_3,8_5µm_168h_6 | C50: CR2032 | D50: Vollzelle - 5µm (CR2032) - For | E50: 84 | F50: ='Vollzelle - 5µm (CR2032) - For'!E84 -> 0.0248 | G50: ='Vollzelle - 5µm (CR2032) - For'!H84 -> 0.0363 | H50: ='Material - Abmessungen'!$E$25 -> 6.2343068 | I50: =(G50-H50/1000)*0.96 -> 0.028863066 | J50: ='Vollzelle - 5µm (CR2032) - For'!N84 -> 5.0223 | K50: =J50/I50 -> 174.00439 | L50: ='Vollzelle - 5µm (CR2032) - For'!K84 -> 5.3396671
A51: CR2032 Referenz | B51: df_MH_MA_VZ_3,8_Ref_1h_5 | C51: CR2032 | D51: Vollzelle - Referenzzelle | E51: 7 | F51: ='Vollzelle - Referenzzelle'!E7 -> 0.0242 | G51: ='Vollzelle - Referenzzelle'!H7 -> 0.0373 | H51: ='Material - Abmessungen'!$E$25 -> 6.2343068 | I51: =(G51-H51/1000)*0.96 -> 0.029823066 | J51: ='Vollzelle - Referenzzelle'!N7 -> 4.7469 | K51: =J51/I51 -> 159.16875 | L51: ='Vollzelle - Referenzzelle'!K7 -> 5.5172671
A52: CR2032 Referenz | B52: df_MH_MA_VZ_3,8_Ref_1h_6 | C52: CR2032 | D52: Vollzelle - Referenzzelle | E52: 8 | F52: ='Vollzelle - Referenzzelle'!E8 -> 0.0242 | G52: ='Vollzelle - Referenzzelle'!H8 -> 0.0374 | H52: ='Material - Abmessungen'!$E$25 -> 6.2343068 | I52: =(G52-H52/1000)*0.96 -> 0.029919066 | J52: ='Vollzelle - Referenzzelle'!N8 -> 4.7322 | K52: =J52/I52 -> 158.1667 | L52: ='Vollzelle - Referenzzelle'!K8 -> 5.5350271
A53: CR2032 Referenz | B53: df_MH_MA_VZ_3,8_Ref_1h_7 | C53: CR2032 | D53: Vollzelle - Referenzzelle | E53: 9 | F53: ='Vollzelle - Referenzzelle'!E9 -> 0.0242 | G53: ='Vollzelle - Referenzzelle'!H9 -> 0.0369 | H53: ='Material - Abmessungen'!$E$25 -> 6.2343068 | I53: =(G53-H53/1000)*0.96 -> 0.029439066 | J53: ='Vollzelle - Referenzzelle'!N9 -> 4.5829 | K53: =J53/I53 -> 155.6741 | L53: ='Vollzelle - Referenzzelle'!K9 -> 5.4462271
A54: CR2032 Referenz | B54: df_MH_MA_VZ_3,8_Ref_1h_8 | C54: CR2032 | D54: Vollzelle - Referenzzelle | E54: 10 | F54: ='Vollzelle - Referenzzelle'!E10 -> 0.0243 | G54: ='Vollzelle - Referenzzelle'!H10 -> 0.037 | H54: ='Material - Abmessungen'!$E$25 -> 6.2343068 | I54: =(G54-H54/1000)*0.96 -> 0.029535066 | J54: ='Vollzelle - Referenzzelle'!N10 -> 4.6842 | K54: =J54/I54 -> 158.59792 | L54: ='Vollzelle - Referenzzelle'!K10 -> 5.4639871
A55: CR2032 10µm 48h 35°C | B55: df_MH_MA_VZ_3,8_10µm_48h_35°C_1 | C55: CR2032 | D55: Vollzelle - 10µm - 35°C | E55: 10 | F55: ='Vollzelle - 10µm - 35°C'!E10 -> 0.0252 | G55: ='Vollzelle - 10µm - 35°C'!H10 -> 0.0373 | H55: ='Material - Abmessungen'!$E$25 -> 6.2343068 | I55: =(G55-H55/1000)*0.96 -> 0.029823066 | J55: ='Vollzelle - 10µm - 35°C'!N10 -> 5.5206 | K55: =J55/I55 -> 185.11176 | L55: ='Vollzelle - 10µm - 35°C'!K10 -> 5.5172671
A56: CR2032 10µm 48h 35°C | B56: df_MH_MA_VZ_3,8_10µm_48h_35°C_2 | C56: CR2032 | D56: Vollzelle - 10µm - 35°C | E56: 11 | F56: ='Vollzelle - 10µm - 35°C'!E11 -> 0.0253 | G56: ='Vollzelle - 10µm - 35°C'!H11 -> 0.0371 | H56: ='Material - Abmessungen'!$E$25 -> 6.2343068 | I56: =(G56-H56/1000)*0.96 -> 0.029631066 | J56: ='Vollzelle - 10µm - 35°C'!N11 -> 5.462 | K56: =J56/I56 -> 184.33357 | L56: ='Vollzelle - 10µm - 35°C'!K11 -> 5.4817471
A57: CR2032 10µm 48h 35°C | B57: df_MH_MA_VZ_3,8_10µm_48h_35°C_3 | C57: CR2032 | D57: Vollzelle - 10µm - 35°C | E57: 12 | F57: ='Vollzelle - 10µm - 35°C'!E12 -> 0.0252 | G57: ='Vollzelle - 10µm - 35°C'!H12 -> 0.0376 | H57: ='Material - Abmessungen'!$E$25 -> 6.2343068 | I57: =(G57-H57/1000)*0.96 -> 0.030111066 | J57: ='Vollzelle - 10µm - 35°C'!N12 -> 5.5758 | K57: =J57/I57 -> 185.17445 | L57: ='Vollzelle - 10µm - 35°C'!K12 -> 5.5705471
A58: CR2032 10µm 48h 35°C | B58: df_MH_MA_VZ_3,8_10µm_48h_35°C_4 | C58: CR2032 | D58: Vollzelle - 10µm - 35°C | E58: 13 | F58: ='Vollzelle - 10µm - 35°C'!E13 -> 0.0252 | G58: ='Vollzelle - 10µm - 35°C'!H13 -> 0.0374 | H58: ='Material - Abmessungen'!$E$25 -> 6.2343068 | I58: =(G58-H58/1000)*0.96 -> 0.029919066 | J58: ='Vollzelle - 10µm - 35°C'!N13 -> 5.4869 | K58: =J58/I58 -> 183.39142 | L58: ='Vollzelle - 10µm - 35°C'!K13 -> 5.5350271
A59: CR2032 10µm 48h 35°C | B59: df_MH_MA_VZ_3,8_10µm_48h_35°C_5 | C59: CR2032 | D59: Vollzelle - 10µm - 35°C | E59: 14 | F59: ='Vollzelle - 10µm - 35°C'!E14 -> 0.0253 | G59: ='Vollzelle - 10µm - 35°C'!H14 -> 0.0374 | H59: ='Material - Abmessungen'!$E$25 -> 6.2343068 | I59: =(G59-H59/1000)*0.96 -> 0.029919066 | J59: ='Vollzelle - 10µm - 35°C'!N14 -> 5.572 | K59: =J59/I59 -> 186.23576 | L59: ='Vollzelle - 10µm - 35°C'!K14 -> 5.5350271
A60: CR2032 10µm 48h 35°C | B60: df_MH_MA_VZ_3,8_10µm_48h_35°C_6 | C60: CR2032 | D60: Vollzelle - 10µm - 35°C | E60: 15 | F60: ='Vollzelle - 10µm - 35°C'!E15 -> 0.0252 | G60: ='Vollzelle - 10µm - 35°C'!H15 -> 0.0375 | H60: ='Material - Abmessungen'!$E$25 -> 6.2343068 | I60: =(G60-H60/1000)*0.96 -> 0.030015066 | J60: ='Vollzelle - 10µm - 35°C'!N15 -> 5.5726 | K60: =J60/I60 -> 185.6601 | L60: ='Vollzelle - 10µm - 35°C'!K15 -> 5.5527871
A61: CR2032 5µm 48h 35°C | B61: df_MH_MA_VZ_3,8_5µm_48h_35°C_1 | C61: CR2032 | D61: Vollzelle - 5µm - 35°C | E61: 10 | F61: ='Vollzelle - 5µm - 35°C'!E10 -> 0.0248 | G61: ='Vollzelle - 5µm - 35°C'!H10 -> 0.0372 | H61: ='Material - Abmessungen'!$E$25 -> 6.2343068 | I61: =(G61-H61/1000)*0.96 -> 0.029727066 | J61: ='Vollzelle - 5µm - 35°C'!N10 -> 5.3414 | K61: =J61/I61 -> 179.68137 | L61: ='Vollzelle - 5µm - 35°C'!K10 -> 5.4995071
A62: CR2032 5µm 48h 35°C | B62: df_MH_MA_VZ_3,8_5µm_48h_35°C_2 | C62: CR2032 | D62: Vollzelle - 5µm - 35°C | E62: 11 | F62: ='Vollzelle - 5µm - 35°C'!E11 -> 0.0248 | G62: ='Vollzelle - 5µm - 35°C'!H11 -> 0.0378 | H62: ='Material - Abmessungen'!$E$25 -> 6.2343068 | I62: =(G62-H62/1000)*0.96 -> 0.030303066 | J62: ='Vollzelle - 5µm - 35°C'!N11 -> 5.452 | K62: =J62/I62 -> 179.91579 | L62: ='Vollzelle - 5µm - 35°C'!K11 -> 5.6060671
A63: CR2032 5µm 48h 35°C | B63: df_MH_MA_VZ_3,8_5µm_48h_35°C_3 | C63: CR2032 | D63: Vollzelle - 5µm - 35°C | E63: 12 | F63: ='Vollzelle - 5µm - 35°C'!E12 -> 0.0249 | G63: ='Vollzelle - 5µm - 35°C'!H12 -> 0.0386 | H63: ='Material - Abmessungen'!$E$25 -> 6.2343068 | I63: =(G63-H63/1000)*0.96 -> 0.031071066 | J63: ='Vollzelle - 5µm - 35°C'!N12 -> 5.452 | K63: =J63/I63 -> 175.46872 | L63: ='Vollzelle - 5µm - 35°C'!K12 -> 5.7481471
A64: CR2032 5µm 48h 35°C | B64: df_MH_MA_VZ_3,8_5µm_48h_35°C_4 | C64: CR2032 | D64: Vollzelle - 5µm - 35°C | E64: 13 | F64: ='Vollzelle - 5µm - 35°C'!E13 -> 0.0249 | G64: ='Vollzelle - 5µm - 35°C'!H13 -> 0.0383 | H64: ='Material - Abmessungen'!$E$25 -> 6.2343068 | I64: =(G64-H64/1000)*0.96 -> 0.030783066 | J64: ='Vollzelle - 5µm - 35°C'!N13 -> 5.5056 | K64: =J64/I64 -> 178.85158 | L64: ='Vollzelle - 5µm - 35°C'!K13 -> 5.6948671
A65: CR2032 5µm 48h 35°C | B65: df_MH_MA_VZ_3,8_5µm_48h_35°C_5 | C65: CR2032 | D65: Vollzelle - 5µm - 35°C | E65: 14 | F65: ='Vollzelle - 5µm - 35°C'!E14 -> 0.0249 | G65: ='Vollzelle - 5µm - 35°C'!H14 -> 0.0379 | H65: ='Material - Abmessungen'!$E$25 -> 6.2343068 | I65: =(G65-H65/1000)*0.96 -> 0.030399066 | J65: ='Vollzelle - 5µm - 35°C'!N14 -> 5.4171 | K65: =J65/I65 -> 178.19956 | L65: ='Vollzelle - 5µm - 35°C'!K14 -> 5.6238271
A66: CR2032 5µm 48h 35°C | B66: df_MH_MA_VZ_3,8_5µm_48h_35°C_6 | C66: CR2032 | D66: Vollzelle - 5µm - 35°C | E66: 15 | F66: ='Vollzelle - 5µm - 35°C'!E15 -> 0.025 | G66: ='Vollzelle - 5µm - 35°C'!H15 -> 0.0381 | H66: ='Material - Abmessungen'!$E$25 -> 6.2343068 | I66: =(G66-H66/1000)*0.96 -> 0.030591066 | J66: ='Vollzelle - 5µm - 35°C'!N15 -> 5.4834 | K66: =J66/I66 -> 179.24841 | L66: ='Vollzelle - 5µm - 35°C'!K15 -> 5.6593471

Sheet Gruppenübersicht
A1: Gruppe | B1: Anzahl Zellen | C1: Mittlere spez. Kapazität [mAh/g] | D1: Minimum [mAh/g] | E1: Maximum [mAh/g]
A2: CR2032 10µm 1h | B2: 6 | C2: 171.42278 | D2: 169.89704 | E2: 172.46618
A3: CR2032 10µm 24h | B3: 4 | C3: 174.72086 | D3: 170.1578 | E3: 178.23434
A4: CR2032 10µm 48h | B4: 4 | C4: 176.85834 | D4: 171.14435 | E4: 180.22663
A5: CR2032 10µm 168h | B5: 6 | C5: 175.36597 | D5: 172.36706 | E5: 177.98034
A6: Pouch Ref 48h | B6: 3 | C6: 178.21318 | D6: 177.91691 | E6: 178.40195
A7: Pouch 10µm 48h 0b | B7: 2 | C7: 183.32474 | D7: 182.53441 | E7: 184.11507
A8: Pouch 10µm 48h 1b | B8: 2 | C8: 203.79736 | D8: 203.29207 | E8: 204.30266
A9: Pouch 10µm 48h 2b | B9: 2 | C9: 203.42068 | D9: 202.79208 | E9: 204.04929
A10: Pouch 10µm 48h 3b | B10: 2 | C10: 200.87211 | D10: 197.96012 | E10: 203.78411
A11: CR2032 5µm 1h | B11: 4 | C11: 172.42243 | D11: 171.65811 | E11: 173.26295
A12: CR2032 5µm 24h | B12: 4 | C12: 169.58122 | D12: 162.55818 | E12: 173.37036
A13: CR2032 5µm 48h | B13: 4 | C13: 169.47717 | D13: 166.85032 | E13: 171.81211
... A17: CR2032 5µm 48h 35°C | B17: 6 | C17: 178.56091 | D17: 175.46872 | E17: 179.91579
